system:index,DN,area_km2,layer,path,site_no,watershed_area_km2,year,.geo
0_0_00000000000000000000,1,1.543854810471193,est1_006_wshd,/Users/dethier/arctic_rivers/imports/taymyr_subwatersheds/est1_006_wshd.shp,est1_006,11268.622789416606,2016,"{""type"":""MultiPoint"",""coordinates"":[]}"
0_0_00000000000000000001,1,1.543854810471193,est1_005_wshd,/Users/dethier/arctic_rivers/imports/taymyr_subwatersheds/est1_005_wshd.shp,est1_005,10909.57432419266,2016,"{""type"":""MultiPoint"",""coordinates"":[]}"
0_0_00000000000000000002,1,1.543854810471193,est1_004_wshd,/Users/dethier/arctic_rivers/imports/taymyr_subwatersheds/est1_004_wshd.shp,est1_004,10691.99017744351,2016,"{""type"":""MultiPoint"",""coordinates"":[]}"
0_0_00000000000000000003,1,1.4474811078669712,est1_004a_wshd,/Users/dethier/arctic_rivers/imports/taymyr_subwatersheds/est1_004a_wshd.shp,est1_004a,9980.285593903476,2016,"{""type"":""MultiPoint"",""coordinates"":[]}"
0_0_00000000000000000004,1,1.4474811078669712,est1_003_wshd,/Users/dethier/arctic_rivers/imports/taymyr_subwatersheds/est1_003_wshd.shp,est1_003,9708.968489629953,2016,"{""type"":""MultiPoint"",""coordinates"":[]}"
0_0_00000000000000000005,1,0.33395942028548603,c001_wshd,/Users/dethier/arctic_rivers/imports/taymyr_subwatersheds/c001_wshd.shp,c001,570.4728073372927,2016,"{""type"":""MultiPoint"",""coordinates"":[]}"
0_0_00000000000000000006,1,1.1686857013859768,est1_002_wshd,/Users/dethier/arctic_rivers/imports/taymyr_subwatersheds/est1_002_wshd.shp,est1_002,8761.324885203001,2016,"{""type"":""MultiPoint"",""coordinates"":[]}"
0_0_00000000000000000007,1,1.097356114147022,est1_002a_wshd,/Users/dethier/arctic_rivers/imports/taymyr_subwatersheds/est1_002a_wshd.shp,est1_002a,8577.237424575995,2016,"{""type"":""MultiPoint"",""coordinates"":[]}"
0_0_00000000000000000008,1,0.9774563416178184,est1_001_wshd,/Users/dethier/arctic_rivers/imports/taymyr_subwatersheds/est1_001_wshd.shp,est1_001,8285.671326696172,2016,"{""type"":""MultiPoint"",""coordinates"":[]}"
0_0_00000000000000000009,1,0.6614437475618321,est1_001a_wshd,/Users/dethier/arctic_rivers/imports/taymyr_subwatersheds/est1_001a_wshd.shp,est1_001a,8204.562951068327,2016,"{""type"":""MultiPoint"",""coordinates"":[]}"
0_0_0000000000000000000a,1,0.05940464670075199,control_001_wshd,/Users/dethier/arctic_rivers/imports/taymyr_subwatersheds/control_001_wshd.shp,control_001,3190.1697121291463,2016,"{""type"":""MultiPoint"",""coordinates"":[]}"
0_0_0000000000000000000b,1,0.5153917472187388,control_004_wshd,/Users/dethier/arctic_rivers/imports/taymyr_subwatersheds/control_004_wshd.shp,control_004,3679.2481852912088,2016,"{""type"":""MultiPoint"",""coordinates"":[]}"
0_0_0000000000000000000c,1,0.33395942028548603,c002_wshd,/Users/dethier/arctic_rivers/imports/taymyr_subwatersheds/c002_wshd.shp,c002,352.9136216528812,2016,"{""type"":""MultiPoint"",""coordinates"":[]}"
0_1_00000000000000000000,1,0.9629162094980286,est2_005_wshd,/Users/dethier/arctic_rivers/imports/taymyr_subwatersheds/est2_005_wshd.shp,est2_005,126448.39292680929,2016,"{""type"":""MultiPoint"",""coordinates"":[]}"
0_1_00000000000000000001,1,0.9629162094980286,est2_004_wshd,/Users/dethier/arctic_rivers/imports/taymyr_subwatersheds/est2_004_wshd.shp,est2_004,125310.62302199693,2016,"{""type"":""MultiPoint"",""coordinates"":[]}"
0_1_00000000000000000002,1,0.44805779061284934,est2_003_wshd,/Users/dethier/arctic_rivers/imports/taymyr_subwatersheds/est2_003_wshd.shp,est2_003,122670.81111307563,2016,"{""type"":""MultiPoint"",""coordinates"":[]}"
0_1_00000000000000000003,1,0.4357461877616612,est2_002_wshd,/Users/dethier/arctic_rivers/imports/taymyr_subwatersheds/est2_002_wshd.shp,est2_002,121958.02307156472,2016,"{""type"":""MultiPoint"",""coordinates"":[]}"
0_1_00000000000000000004,1,0.3743864639762412,est2_001_wshd,/Users/dethier/arctic_rivers/imports/taymyr_subwatersheds/est2_001_wshd.shp,est2_001,120418.7045437754,2016,"{""type"":""MultiPoint"",""coordinates"":[]}"
0_1_00000000000000000005,1,0.09526258702702642,g001_wshd,/Users/dethier/arctic_rivers/imports/taymyr_subwatersheds/g001_wshd.shp,g001,17576.36802203971,2016,"{""type"":""MultiPoint"",""coordinates"":[]}"
0_1_00000000000000000006,1,0.0,control_002_wshd,/Users/dethier/arctic_rivers/imports/taymyr_subwatersheds/control_002_wshd.shp,control_002,14684.669516840928,2016,"{""type"":""MultiPoint"",""coordinates"":[]}"
0_1_00000000000000000007,1,0.06135972378542004,e001_wshd,/Users/dethier/arctic_rivers/imports/taymyr_subwatersheds/e001_wshd.shp,e001,830.8037075925799,2016,"{""type"":""MultiPoint"",""coordinates"":[]}"
0_1_00000000000000000008,1,0.035583657390235016,e002_wshd,/Users/dethier/arctic_rivers/imports/taymyr_subwatersheds/e002_wshd.shp,e002,500.0975999205465,2016,"{""type"":""MultiPoint"",""coordinates"":[]}"
0_1_00000000000000000009,1,0.0,a002_wshd,/Users/dethier/arctic_rivers/imports/taymyr_subwatersheds/a002_wshd.shp,a002,840.0382155459675,2016,"{""type"":""MultiPoint"",""coordinates"":[]}"
0_1_0000000000000000000a,1,0.0,a001_wshd,/Users/dethier/arctic_rivers/imports/taymyr_subwatersheds/a001_wshd.shp,a001,798.6158759565991,2016,"{""type"":""MultiPoint"",""coordinates"":[]}"
0_1_0000000000000000000b,1,0.5148584188851794,b001_wshd,/Users/dethier/arctic_rivers/imports/taymyr_subwatersheds/b001_wshd.shp,b001,2546.850078512121,2016,"{""type"":""MultiPoint"",""coordinates"":[]}"
0_1_0000000000000000000c,1,0.5007799359843623,b002_wshd,/Users/dethier/arctic_rivers/imports/taymyr_subwatersheds/b002_wshd.shp,b002,1964.4257469308982,2016,"{""type"":""MultiPoint"",""coordinates"":[]}"
0_1_0000000000000000000d,1,0.014078482900817074,d001_wshd,/Users/dethier/arctic_rivers/imports/taymyr_subwatersheds/d001_wshd.shp,d001,438.34975592319057,2016,"{""type"":""MultiPoint"",""coordinates"":[]}"
0_1_0000000000000000000e,1,0.5007799359843623,b003_wshd,/Users/dethier/arctic_rivers/imports/taymyr_subwatersheds/b003_wshd.shp,b003,1947.9314229553445,2016,"{""type"":""MultiPoint"",""coordinates"":[]}"
0_1_0000000000000000000f,1,0.438592879725811,b004_wshd,/Users/dethier/arctic_rivers/imports/taymyr_subwatersheds/b004_wshd.shp,b004,1348.8707879201486,2016,"{""type"":""MultiPoint"",""coordinates"":[]}"
0_1_00000000000000000010,1,0.0,b005_wshd,/Users/dethier/arctic_rivers/imports/taymyr_subwatersheds/b005_wshd.shp,b005,609.517866791095,2016,"{""type"":""MultiPoint"",""coordinates"":[]}"
0_1_00000000000000000011,1,0.0,b007_wshd,/Users/dethier/arctic_rivers/imports/taymyr_subwatersheds/b007_wshd.shp,b007,320.3551858869623,2016,"{""type"":""MultiPoint"",""coordinates"":[]}"
0_1_00000000000000000012,1,0.4263632682882284,b006_wshd,/Users/dethier/arctic_rivers/imports/taymyr_subwatersheds/b006_wshd.shp,b006,473.6934019935774,2016,"{""type"":""MultiPoint"",""coordinates"":[]}"
0_1_00000000000000000013,1,0.0,b008_wshd,/Users/dethier/arctic_rivers/imports/taymyr_subwatersheds/b008_wshd.shp,b008,294.5069441540936,2016,"{""type"":""MultiPoint"",""coordinates"":[]}"
0_1_00000000000000000014,1,0.0,control_003_wshd,/Users/dethier/arctic_rivers/imports/taymyr_subwatersheds/control_003_wshd.shp,control_003,45747.05691161458,2016,"{""type"":""MultiPoint"",""coordinates"":[]}"
1_0_00000000000000000000,1,1.9248022780054006,est1_006_wshd,/Users/dethier/arctic_rivers/imports/taymyr_subwatersheds/est1_006_wshd.shp,est1_006,11268.622789416606,2018,"{""type"":""MultiPoint"",""coordinates"":[]}"
1_0_00000000000000000001,1,1.9146715664928622,est1_005_wshd,/Users/dethier/arctic_rivers/imports/taymyr_subwatersheds/est1_005_wshd.shp,est1_005,10909.57432419266,2018,"{""type"":""MultiPoint"",""coordinates"":[]}"
1_0_00000000000000000002,1,1.9146715664928622,est1_004_wshd,/Users/dethier/arctic_rivers/imports/taymyr_subwatersheds/est1_004_wshd.shp,est1_004,10691.99017744351,2018,"{""type"":""MultiPoint"",""coordinates"":[]}"
1_0_00000000000000000003,1,1.8166201450827004,est1_004a_wshd,/Users/dethier/arctic_rivers/imports/taymyr_subwatersheds/est1_004a_wshd.shp,est1_004a,9980.285593903476,2018,"{""type"":""MultiPoint"",""coordinates"":[]}"
1_0_00000000000000000004,1,1.8166201450827004,est1_003_wshd,/Users/dethier/arctic_rivers/imports/taymyr_subwatersheds/est1_003_wshd.shp,est1_003,9708.968489629953,2018,"{""type"":""MultiPoint"",""coordinates"":[]}"
1_0_00000000000000000005,1,0.39320690625675697,c001_wshd,/Users/dethier/arctic_rivers/imports/taymyr_subwatersheds/c001_wshd.shp,c001,570.4728073372927,2018,"{""type"":""MultiPoint"",""coordinates"":[]}"
1_0_00000000000000000006,1,1.3395874603311126,est1_002_wshd,/Users/dethier/arctic_rivers/imports/taymyr_subwatersheds/est1_002_wshd.shp,est1_002,8761.324885203001,2018,"{""type"":""MultiPoint"",""coordinates"":[]}"
1_0_00000000000000000007,1,1.268246606308296,est1_002a_wshd,/Users/dethier/arctic_rivers/imports/taymyr_subwatersheds/est1_002a_wshd.shp,est1_002a,8577.237424575995,2018,"{""type"":""MultiPoint"",""coordinates"":[]}"
1_0_00000000000000000008,1,1.0847292587129505,est1_001_wshd,/Users/dethier/arctic_rivers/imports/taymyr_subwatersheds/est1_001_wshd.shp,est1_001,8285.671326696172,2018,"{""type"":""MultiPoint"",""coordinates"":[]}"
1_0_00000000000000000009,1,0.7620021849750046,est1_001a_wshd,/Users/dethier/arctic_rivers/imports/taymyr_subwatersheds/est1_001a_wshd.shp,est1_001a,8204.562951068327,2018,"{""type"":""MultiPoint"",""coordinates"":[]}"
1_0_0000000000000000000a,1,0.11710357122897061,control_001_wshd,/Users/dethier/arctic_rivers/imports/taymyr_subwatersheds/control_001_wshd.shp,control_001,3190.1697121291463,2018,"{""type"":""MultiPoint"",""coordinates"":[]}"
1_0_0000000000000000000b,1,0.5017144147209583,control_004_wshd,/Users/dethier/arctic_rivers/imports/taymyr_subwatersheds/control_004_wshd.shp,control_004,3679.2481852912088,2018,"{""type"":""MultiPoint"",""coordinates"":[]}"
1_0_0000000000000000000c,1,0.3795668855395308,c002_wshd,/Users/dethier/arctic_rivers/imports/taymyr_subwatersheds/c002_wshd.shp,c002,352.9136216528812,2018,"{""type"":""MultiPoint"",""coordinates"":[]}"
1_1_00000000000000000000,1,1.3153145495329674,est2_005_wshd,/Users/dethier/arctic_rivers/imports/taymyr_subwatersheds/est2_005_wshd.shp,est2_005,126448.39292680929,2018,"{""type"":""MultiPoint"",""coordinates"":[]}"
1_1_00000000000000000001,1,1.3153145495329674,est2_004_wshd,/Users/dethier/arctic_rivers/imports/taymyr_subwatersheds/est2_004_wshd.shp,est2_004,125310.62302199693,2018,"{""type"":""MultiPoint"",""coordinates"":[]}"
1_1_00000000000000000002,1,0.636764005855772,est2_003_wshd,/Users/dethier/arctic_rivers/imports/taymyr_subwatersheds/est2_003_wshd.shp,est2_003,122670.81111307563,2018,"{""type"":""MultiPoint"",""coordinates"":[]}"
1_1_00000000000000000003,1,0.636764005855772,est2_002_wshd,/Users/dethier/arctic_rivers/imports/taymyr_subwatersheds/est2_002_wshd.shp,est2_002,121958.02307156472,2018,"{""type"":""MultiPoint"",""coordinates"":[]}"
1_1_00000000000000000004,1,0.5283350539584988,est2_001_wshd,/Users/dethier/arctic_rivers/imports/taymyr_subwatersheds/est2_001_wshd.shp,est2_001,120418.7045437754,2018,"{""type"":""MultiPoint"",""coordinates"":[]}"
1_1_00000000000000000005,1,0.14172051173450975,g001_wshd,/Users/dethier/arctic_rivers/imports/taymyr_subwatersheds/g001_wshd.shp,g001,17576.36802203971,2018,"{""type"":""MultiPoint"",""coordinates"":[]}"
1_1_00000000000000000006,1,0.0,control_002_wshd,/Users/dethier/arctic_rivers/imports/taymyr_subwatersheds/control_002_wshd.shp,control_002,14684.669516840928,2018,"{""type"":""MultiPoint"",""coordinates"":[]}"
1_1_00000000000000000007,1,0.08713943595478052,e001_wshd,/Users/dethier/arctic_rivers/imports/taymyr_subwatersheds/e001_wshd.shp,e001,830.8037075925799,2018,"{""type"":""MultiPoint"",""coordinates"":[]}"
1_1_00000000000000000008,1,0.03736320155213369,e002_wshd,/Users/dethier/arctic_rivers/imports/taymyr_subwatersheds/e002_wshd.shp,e002,500.0975999205465,2018,"{""type"":""MultiPoint"",""coordinates"":[]}"
1_1_00000000000000000009,1,0.0,a002_wshd,/Users/dethier/arctic_rivers/imports/taymyr_subwatersheds/a002_wshd.shp,a002,840.0382155459675,2018,"{""type"":""MultiPoint"",""coordinates"":[]}"
1_1_0000000000000000000a,1,0.0,a001_wshd,/Users/dethier/arctic_rivers/imports/taymyr_subwatersheds/a001_wshd.shp,a001,798.6158759565991,2018,"{""type"":""MultiPoint"",""coordinates"":[]}"
1_1_0000000000000000000b,1,0.6785505436771955,b001_wshd,/Users/dethier/arctic_rivers/imports/taymyr_subwatersheds/b001_wshd.shp,b001,2546.850078512121,2018,"{""type"":""MultiPoint"",""coordinates"":[]}"
1_1_0000000000000000000c,1,0.6644720607763784,b002_wshd,/Users/dethier/arctic_rivers/imports/taymyr_subwatersheds/b002_wshd.shp,b002,1964.4257469308982,2018,"{""type"":""MultiPoint"",""coordinates"":[]}"
1_1_0000000000000000000d,1,0.014078482900817074,d001_wshd,/Users/dethier/arctic_rivers/imports/taymyr_subwatersheds/d001_wshd.shp,d001,438.34975592319057,2018,"{""type"":""MultiPoint"",""coordinates"":[]}"
1_1_0000000000000000000e,1,0.6644720607763784,b003_wshd,/Users/dethier/arctic_rivers/imports/taymyr_subwatersheds/b003_wshd.shp,b003,1947.9314229553445,2018,"{""type"":""MultiPoint"",""coordinates"":[]}"
1_1_0000000000000000000f,1,0.6144467151183363,b004_wshd,/Users/dethier/arctic_rivers/imports/taymyr_subwatersheds/b004_wshd.shp,b004,1348.8707879201486,2018,"{""type"":""MultiPoint"",""coordinates"":[]}"
1_1_00000000000000000010,1,0.055709320460503864,b005_wshd,/Users/dethier/arctic_rivers/imports/taymyr_subwatersheds/b005_wshd.shp,b005,609.517866791095,2018,"{""type"":""MultiPoint"",""coordinates"":[]}"
1_1_00000000000000000011,1,0.0351426618684943,b007_wshd,/Users/dethier/arctic_rivers/imports/taymyr_subwatersheds/b007_wshd.shp,b007,320.3551858869623,2018,"{""type"":""MultiPoint"",""coordinates"":[]}"
1_1_00000000000000000012,1,0.5211759773591131,b006_wshd,/Users/dethier/arctic_rivers/imports/taymyr_subwatersheds/b006_wshd.shp,b006,473.6934019935774,2018,"{""type"":""MultiPoint"",""coordinates"":[]}"
1_1_00000000000000000013,1,0.009400489124702607,b008_wshd,/Users/dethier/arctic_rivers/imports/taymyr_subwatersheds/b008_wshd.shp,b008,294.5069441540936,2018,"{""type"":""MultiPoint"",""coordinates"":[]}"
1_1_00000000000000000014,1,0.0,control_003_wshd,/Users/dethier/arctic_rivers/imports/taymyr_subwatersheds/control_003_wshd.shp,control_003,45747.05691161458,2018,"{""type"":""MultiPoint"",""coordinates"":[]}"
2_0_00000000000000000000,1,2.570546591723694,est1_006_wshd,/Users/dethier/arctic_rivers/imports/taymyr_subwatersheds/est1_006_wshd.shp,est1_006,11268.622789416606,2019,"{""type"":""MultiPoint"",""coordinates"":[]}"
2_0_00000000000000000001,1,2.5528176567316665,est1_005_wshd,/Users/dethier/arctic_rivers/imports/taymyr_subwatersheds/est1_005_wshd.shp,est1_005,10909.57432419266,2019,"{""type"":""MultiPoint"",""coordinates"":[]}"
2_0_00000000000000000002,1,2.5528176567316665,est1_004_wshd,/Users/dethier/arctic_rivers/imports/taymyr_subwatersheds/est1_004_wshd.shp,est1_004,10691.99017744351,2019,"{""type"":""MultiPoint"",""coordinates"":[]}"
2_0_00000000000000000003,1,2.427705525236794,est1_004a_wshd,/Users/dethier/arctic_rivers/imports/taymyr_subwatersheds/est1_004a_wshd.shp,est1_004a,9980.285593903476,2019,"{""type"":""MultiPoint"",""coordinates"":[]}"
2_0_00000000000000000004,1,2.427705525236794,est1_003_wshd,/Users/dethier/arctic_rivers/imports/taymyr_subwatersheds/est1_003_wshd.shp,est1_003,9708.968489629953,2019,"{""type"":""MultiPoint"",""coordinates"":[]}"
2_0_00000000000000000005,1,0.4746868740621335,c001_wshd,/Users/dethier/arctic_rivers/imports/taymyr_subwatersheds/c001_wshd.shp,c001,570.4728073372927,2019,"{""type"":""MultiPoint"",""coordinates"":[]}"
2_0_00000000000000000006,1,1.894454697469841,est1_002_wshd,/Users/dethier/arctic_rivers/imports/taymyr_subwatersheds/est1_002_wshd.shp,est1_002,8761.324885203001,2019,"{""type"":""MultiPoint"",""coordinates"":[]}"
2_0_00000000000000000007,1,1.81556457497696,est1_002a_wshd,/Users/dethier/arctic_rivers/imports/taymyr_subwatersheds/est1_002a_wshd.shp,est1_002a,8577.237424575995,2019,"{""type"":""MultiPoint"",""coordinates"":[]}"
2_0_00000000000000000008,1,1.5219527635417314,est1_001_wshd,/Users/dethier/arctic_rivers/imports/taymyr_subwatersheds/est1_001_wshd.shp,est1_001,8285.671326696172,2019,"{""type"":""MultiPoint"",""coordinates"":[]}"
2_0_00000000000000000009,1,1.0263794384634624,est1_001a_wshd,/Users/dethier/arctic_rivers/imports/taymyr_subwatersheds/est1_001a_wshd.shp,est1_001a,8204.562951068327,2019,"{""type"":""MultiPoint"",""coordinates"":[]}"
2_0_0000000000000000000a,1,0.1807369725595294,control_001_wshd,/Users/dethier/arctic_rivers/imports/taymyr_subwatersheds/control_001_wshd.shp,control_001,3190.1697121291463,2019,"{""type"":""MultiPoint"",""coordinates"":[]}"
2_0_0000000000000000000b,1,0.6210385571777561,control_004_wshd,/Users/dethier/arctic_rivers/imports/taymyr_subwatersheds/control_004_wshd.shp,control_004,3679.2481852912088,2019,"{""type"":""MultiPoint"",""coordinates"":[]}"
2_0_0000000000000000000c,1,0.4644074113840997,c002_wshd,/Users/dethier/arctic_rivers/imports/taymyr_subwatersheds/c002_wshd.shp,c002,352.9136216528812,2019,"{""type"":""MultiPoint"",""coordinates"":[]}"
2_1_00000000000000000000,1,1.6725563545836695,est2_005_wshd,/Users/dethier/arctic_rivers/imports/taymyr_subwatersheds/est2_005_wshd.shp,est2_005,126448.39292680929,2019,"{""type"":""MultiPoint"",""coordinates"":[]}"
2_1_00000000000000000001,1,1.6725563545836695,est2_004_wshd,/Users/dethier/arctic_rivers/imports/taymyr_subwatersheds/est2_004_wshd.shp,est2_004,125310.62302199693,2019,"{""type"":""MultiPoint"",""coordinates"":[]}"
2_1_00000000000000000002,1,0.8311652975538747,est2_003_wshd,/Users/dethier/arctic_rivers/imports/taymyr_subwatersheds/est2_003_wshd.shp,est2_003,122670.81111307563,2019,"{""type"":""MultiPoint"",""coordinates"":[]}"
2_1_00000000000000000003,1,0.8091769485807071,est2_002_wshd,/Users/dethier/arctic_rivers/imports/taymyr_subwatersheds/est2_002_wshd.shp,est2_002,121958.02307156472,2019,"{""type"":""MultiPoint"",""coordinates"":[]}"
2_1_00000000000000000004,1,0.7033458043015831,est2_001_wshd,/Users/dethier/arctic_rivers/imports/taymyr_subwatersheds/est2_001_wshd.shp,est2_001,120418.7045437754,2019,"{""type"":""MultiPoint"",""coordinates"":[]}"
2_1_00000000000000000005,1,0.1889783716321371,g001_wshd,/Users/dethier/arctic_rivers/imports/taymyr_subwatersheds/g001_wshd.shp,g001,17576.36802203971,2019,"{""type"":""MultiPoint"",""coordinates"":[]}"
2_1_00000000000000000006,1,0.0,control_002_wshd,/Users/dethier/arctic_rivers/imports/taymyr_subwatersheds/control_002_wshd.shp,control_002,14684.669516840928,2019,"{""type"":""MultiPoint"",""coordinates"":[]}"
2_1_00000000000000000007,1,0.08454162833663115,e001_wshd,/Users/dethier/arctic_rivers/imports/taymyr_subwatersheds/e001_wshd.shp,e001,830.8037075925799,2019,"{""type"":""MultiPoint"",""coordinates"":[]}"
2_1_00000000000000000008,1,0.07294640142853787,e002_wshd,/Users/dethier/arctic_rivers/imports/taymyr_subwatersheds/e002_wshd.shp,e002,500.0975999205465,2019,"{""type"":""MultiPoint"",""coordinates"":[]}"
2_1_00000000000000000009,1,0.0,a002_wshd,/Users/dethier/arctic_rivers/imports/taymyr_subwatersheds/a002_wshd.shp,a002,840.0382155459675,2019,"{""type"":""MultiPoint"",""coordinates"":[]}"
2_1_0000000000000000000a,1,0.0,a001_wshd,/Users/dethier/arctic_rivers/imports/taymyr_subwatersheds/a001_wshd.shp,a001,798.6158759565991,2019,"{""type"":""MultiPoint"",""coordinates"":[]}"
2_1_0000000000000000000b,1,0.8413910570297949,b001_wshd,/Users/dethier/arctic_rivers/imports/taymyr_subwatersheds/b001_wshd.shp,b001,2546.850078512121,2019,"{""type"":""MultiPoint"",""coordinates"":[]}"
2_1_0000000000000000000c,1,0.8034902980805315,b002_wshd,/Users/dethier/arctic_rivers/imports/taymyr_subwatersheds/b002_wshd.shp,b002,1964.4257469308982,2019,"{""type"":""MultiPoint"",""coordinates"":[]}"
2_1_0000000000000000000d,1,0.037900758949263424,d001_wshd,/Users/dethier/arctic_rivers/imports/taymyr_subwatersheds/d001_wshd.shp,d001,438.34975592319057,2019,"{""type"":""MultiPoint"",""coordinates"":[]}"
2_1_0000000000000000000e,1,0.8034902980805315,b003_wshd,/Users/dethier/arctic_rivers/imports/taymyr_subwatersheds/b003_wshd.shp,b003,1947.9314229553445,2019,"{""type"":""MultiPoint"",""coordinates"":[]}"
2_1_0000000000000000000f,1,0.7414143713444918,b004_wshd,/Users/dethier/arctic_rivers/imports/taymyr_subwatersheds/b004_wshd.shp,b004,1348.8707879201486,2019,"{""type"":""MultiPoint"",""coordinates"":[]}"
2_1_00000000000000000010,1,0.06253984901227091,b005_wshd,/Users/dethier/arctic_rivers/imports/taymyr_subwatersheds/b005_wshd.shp,b005,609.517866791095,2019,"{""type"":""MultiPoint"",""coordinates"":[]}"
2_1_00000000000000000011,1,0.032567498945137066,b007_wshd,/Users/dethier/arctic_rivers/imports/taymyr_subwatersheds/b007_wshd.shp,b007,320.3551858869623,2019,"{""type"":""MultiPoint"",""coordinates"":[]}"
2_1_00000000000000000012,1,0.6264849976162684,b006_wshd,/Users/dethier/arctic_rivers/imports/taymyr_subwatersheds/b006_wshd.shp,b006,473.6934019935774,2019,"{""type"":""MultiPoint"",""coordinates"":[]}"
2_1_00000000000000000013,1,0.009400489124702607,b008_wshd,/Users/dethier/arctic_rivers/imports/taymyr_subwatersheds/b008_wshd.shp,b008,294.5069441540936,2019,"{""type"":""MultiPoint"",""coordinates"":[]}"
2_1_00000000000000000014,1,0.0,control_003_wshd,/Users/dethier/arctic_rivers/imports/taymyr_subwatersheds/control_003_wshd.shp,control_003,45747.05691161458,2019,"{""type"":""MultiPoint"",""coordinates"":[]}"
3_0_00000000000000000000,1,2.6051466407164754,est1_006_wshd,/Users/dethier/arctic_rivers/imports/taymyr_subwatersheds/est1_006_wshd.shp,est1_006,11268.622789416606,2020,"{""type"":""MultiPoint"",""coordinates"":[]}"
3_0_00000000000000000001,1,2.587418176196311,est1_005_wshd,/Users/dethier/arctic_rivers/imports/taymyr_subwatersheds/est1_005_wshd.shp,est1_005,10909.57432419266,2020,"{""type"":""MultiPoint"",""coordinates"":[]}"
3_0_00000000000000000002,1,2.587418176196311,est1_004_wshd,/Users/dethier/arctic_rivers/imports/taymyr_subwatersheds/est1_004_wshd.shp,est1_004,10691.99017744351,2020,"{""type"":""MultiPoint"",""coordinates"":[]}"
3_0_00000000000000000003,1,2.4666168042796195,est1_004a_wshd,/Users/dethier/arctic_rivers/imports/taymyr_subwatersheds/est1_004a_wshd.shp,est1_004a,9980.285593903476,2020,"{""type"":""MultiPoint"",""coordinates"":[]}"
3_0_00000000000000000004,1,2.4666168042796195,est1_003_wshd,/Users/dethier/arctic_rivers/imports/taymyr_subwatersheds/est1_003_wshd.shp,est1_003,9708.968489629953,2020,"{""type"":""MultiPoint"",""coordinates"":[]}"
3_0_00000000000000000005,1,0.5121310094306841,c001_wshd,/Users/dethier/arctic_rivers/imports/taymyr_subwatersheds/c001_wshd.shp,c001,570.4728073372927,2020,"{""type"":""MultiPoint"",""coordinates"":[]}"
3_0_00000000000000000006,1,1.7310873011001786,est1_002_wshd,/Users/dethier/arctic_rivers/imports/taymyr_subwatersheds/est1_002_wshd.shp,est1_002,8761.324885203001,2020,"{""type"":""MultiPoint"",""coordinates"":[]}"
3_0_00000000000000000007,1,1.6404527369563462,est1_002a_wshd,/Users/dethier/arctic_rivers/imports/taymyr_subwatersheds/est1_002a_wshd.shp,est1_002a,8577.237424575995,2020,"{""type"":""MultiPoint"",""coordinates"":[]}"
3_0_00000000000000000008,1,1.305385333520207,est1_001_wshd,/Users/dethier/arctic_rivers/imports/taymyr_subwatersheds/est1_001_wshd.shp,est1_001,8285.671326696172,2020,"{""type"":""MultiPoint"",""coordinates"":[]}"
3_0_00000000000000000009,1,0.9147954727868075,est1_001a_wshd,/Users/dethier/arctic_rivers/imports/taymyr_subwatersheds/est1_001a_wshd.shp,est1_001a,8204.562951068327,2020,"{""type"":""MultiPoint"",""coordinates"":[]}"
3_0_0000000000000000000a,1,0.10437342571517293,control_001_wshd,/Users/dethier/arctic_rivers/imports/taymyr_subwatersheds/control_001_wshd.shp,control_001,3190.1697121291463,2020,"{""type"":""MultiPoint"",""coordinates"":[]}"
3_0_0000000000000000000b,1,0.5695164611108553,control_004_wshd,/Users/dethier/arctic_rivers/imports/taymyr_subwatersheds/control_004_wshd.shp,control_004,3679.2481852912088,2020,"{""type"":""MultiPoint"",""coordinates"":[]}"
3_0_0000000000000000000c,1,0.48906792873050986,c002_wshd,/Users/dethier/arctic_rivers/imports/taymyr_subwatersheds/c002_wshd.shp,c002,352.9136216528812,2020,"{""type"":""MultiPoint"",""coordinates"":[]}"
3_1_00000000000000000000,1,1.9862415447528114,est2_005_wshd,/Users/dethier/arctic_rivers/imports/taymyr_subwatersheds/est2_005_wshd.shp,est2_005,126448.39292680929,2020,"{""type"":""MultiPoint"",""coordinates"":[]}"
3_1_00000000000000000001,1,1.9862415447528114,est2_004_wshd,/Users/dethier/arctic_rivers/imports/taymyr_subwatersheds/est2_004_wshd.shp,est2_004,125310.62302199693,2020,"{""type"":""MultiPoint"",""coordinates"":[]}"
3_1_00000000000000000002,1,0.9521837931985533,est2_003_wshd,/Users/dethier/arctic_rivers/imports/taymyr_subwatersheds/est2_003_wshd.shp,est2_003,122670.81111307563,2020,"{""type"":""MultiPoint"",""coordinates"":[]}"
3_1_00000000000000000003,1,0.9328335102124847,est2_002_wshd,/Users/dethier/arctic_rivers/imports/taymyr_subwatersheds/est2_002_wshd.shp,est2_002,121958.02307156472,2020,"{""type"":""MultiPoint"",""coordinates"":[]}"
3_1_00000000000000000004,1,0.8004133957682157,est2_001_wshd,/Users/dethier/arctic_rivers/imports/taymyr_subwatersheds/est2_001_wshd.shp,est2_001,120418.7045437754,2020,"{""type"":""MultiPoint"",""coordinates"":[]}"
3_1_00000000000000000005,1,0.26436977561641095,g001_wshd,/Users/dethier/arctic_rivers/imports/taymyr_subwatersheds/g001_wshd.shp,g001,17576.36802203971,2020,"{""type"":""MultiPoint"",""coordinates"":[]}"
3_1_00000000000000000006,1,0.0,control_002_wshd,/Users/dethier/arctic_rivers/imports/taymyr_subwatersheds/control_002_wshd.shp,control_002,14684.669516840928,2020,"{""type"":""MultiPoint"",""coordinates"":[]}"
3_1_00000000000000000007,1,0.10048518765272446,e001_wshd,/Users/dethier/arctic_rivers/imports/taymyr_subwatersheds/e001_wshd.shp,e001,830.8037075925799,2020,"{""type"":""MultiPoint"",""coordinates"":[]}"
3_1_00000000000000000008,1,0.019570092806004035,e002_wshd,/Users/dethier/arctic_rivers/imports/taymyr_subwatersheds/e002_wshd.shp,e002,500.0975999205465,2020,"{""type"":""MultiPoint"",""coordinates"":[]}"
3_1_00000000000000000009,1,0.0,a002_wshd,/Users/dethier/arctic_rivers/imports/taymyr_subwatersheds/a002_wshd.shp,a002,840.0382155459675,2020,"{""type"":""MultiPoint"",""coordinates"":[]}"
3_1_0000000000000000000a,1,0.0,a001_wshd,/Users/dethier/arctic_rivers/imports/taymyr_subwatersheds/a001_wshd.shp,a001,798.6158759565991,2020,"{""type"":""MultiPoint"",""coordinates"":[]}"
3_1_0000000000000000000b,1,1.0340577515542588,b001_wshd,/Users/dethier/arctic_rivers/imports/taymyr_subwatersheds/b001_wshd.shp,b001,2546.850078512121,2020,"{""type"":""MultiPoint"",""coordinates"":[]}"
3_1_0000000000000000000c,1,0.9705367744587254,b002_wshd,/Users/dethier/arctic_rivers/imports/taymyr_subwatersheds/b002_wshd.shp,b002,1964.4257469308982,2020,"{""type"":""MultiPoint"",""coordinates"":[]}"
3_1_0000000000000000000d,1,0.06352097709553335,d001_wshd,/Users/dethier/arctic_rivers/imports/taymyr_subwatersheds/d001_wshd.shp,d001,438.34975592319057,2020,"{""type"":""MultiPoint"",""coordinates"":[]}"
3_1_0000000000000000000e,1,0.9705367744587254,b003_wshd,/Users/dethier/arctic_rivers/imports/taymyr_subwatersheds/b003_wshd.shp,b003,1947.9314229553445,2020,"{""type"":""MultiPoint"",""coordinates"":[]}"
3_1_0000000000000000000f,1,0.823340364545674,b004_wshd,/Users/dethier/arctic_rivers/imports/taymyr_subwatersheds/b004_wshd.shp,b004,1348.8707879201486,2020,"{""type"":""MultiPoint"",""coordinates"":[]}"
3_1_00000000000000000010,1,0.09761376620435248,b005_wshd,/Users/dethier/arctic_rivers/imports/taymyr_subwatersheds/b005_wshd.shp,b005,609.517866791095,2020,"{""type"":""MultiPoint"",""coordinates"":[]}"
3_1_00000000000000000011,1,0.064288608583293,b007_wshd,/Users/dethier/arctic_rivers/imports/taymyr_subwatersheds/b007_wshd.shp,b007,320.3551858869623,2020,"{""type"":""MultiPoint"",""coordinates"":[]}"
3_1_00000000000000000012,1,0.6872914750732675,b006_wshd,/Users/dethier/arctic_rivers/imports/taymyr_subwatersheds/b006_wshd.shp,b006,473.6934019935774,2020,"{""type"":""MultiPoint"",""coordinates"":[]}"
3_1_00000000000000000013,1,0.018811199526850182,b008_wshd,/Users/dethier/arctic_rivers/imports/taymyr_subwatersheds/b008_wshd.shp,b008,294.5069441540936,2020,"{""type"":""MultiPoint"",""coordinates"":[]}"
3_1_00000000000000000014,1,0.0,control_003_wshd,/Users/dethier/arctic_rivers/imports/taymyr_subwatersheds/control_003_wshd.shp,control_003,45747.05691161458,2020,"{""type"":""MultiPoint"",""coordinates"":[]}"
4_0_00000000000000000000,1,11.551402496097005,est1_006_wshd,/Users/dethier/arctic_rivers/imports/taymyr_subwatersheds/est1_006_wshd.shp,est1_006,11268.622789416606,2021,"{""type"":""MultiPoint"",""coordinates"":[]}"
4_0_00000000000000000001,1,11.397107235254234,est1_005_wshd,/Users/dethier/arctic_rivers/imports/taymyr_subwatersheds/est1_005_wshd.shp,est1_005,10909.57432419266,2021,"{""type"":""MultiPoint"",""coordinates"":[]}"
4_0_00000000000000000002,1,11.100629481765036,est1_004_wshd,/Users/dethier/arctic_rivers/imports/taymyr_subwatersheds/est1_004_wshd.shp,est1_004,10691.99017744351,2021,"{""type"":""MultiPoint"",""coordinates"":[]}"
4_0_00000000000000000003,1,10.876385966085216,est1_004a_wshd,/Users/dethier/arctic_rivers/imports/taymyr_subwatersheds/est1_004a_wshd.shp,est1_004a,9980.285593903476,2021,"{""type"":""MultiPoint"",""coordinates"":[]}"
4_0_00000000000000000004,1,10.851956791554313,est1_003_wshd,/Users/dethier/arctic_rivers/imports/taymyr_subwatersheds/est1_003_wshd.shp,est1_003,9708.968489629953,2021,"{""type"":""MultiPoint"",""coordinates"":[]}"
4_0_00000000000000000005,1,2.860058706638875,c001_wshd,/Users/dethier/arctic_rivers/imports/taymyr_subwatersheds/c001_wshd.shp,c001,570.4728073372927,2021,"{""type"":""MultiPoint"",""coordinates"":[]}"
4_0_00000000000000000006,1,4.591897809403927,est1_002_wshd,/Users/dethier/arctic_rivers/imports/taymyr_subwatersheds/est1_002_wshd.shp,est1_002,8761.324885203001,2021,"{""type"":""MultiPoint"",""coordinates"":[]}"
4_0_00000000000000000007,1,4.1628629291929675,est1_002a_wshd,/Users/dethier/arctic_rivers/imports/taymyr_subwatersheds/est1_002a_wshd.shp,est1_002a,8577.237424575995,2021,"{""type"":""MultiPoint"",""coordinates"":[]}"
4_0_00000000000000000008,1,3.0813645839201245,est1_001_wshd,/Users/dethier/arctic_rivers/imports/taymyr_subwatersheds/est1_001_wshd.shp,est1_001,8285.671326696172,2021,"{""type"":""MultiPoint"",""coordinates"":[]}"
4_0_00000000000000000009,1,2.617443860787283,est1_001a_wshd,/Users/dethier/arctic_rivers/imports/taymyr_subwatersheds/est1_001a_wshd.shp,est1_001a,8204.562951068327,2021,"{""type"":""MultiPoint"",""coordinates"":[]}"
4_0_0000000000000000000a,1,0.17988565500691195,control_001_wshd,/Users/dethier/arctic_rivers/imports/taymyr_subwatersheds/control_001_wshd.shp,control_001,3190.1697121291463,2021,"{""type"":""MultiPoint"",""coordinates"":[]}"
4_0_0000000000000000000b,1,1.3847207667309411,control_004_wshd,/Users/dethier/arctic_rivers/imports/taymyr_subwatersheds/control_004_wshd.shp,control_004,3679.2481852912088,2021,"{""type"":""MultiPoint"",""coordinates"":[]}"
4_0_0000000000000000000c,1,2.8010813208182226,c002_wshd,/Users/dethier/arctic_rivers/imports/taymyr_subwatersheds/c002_wshd.shp,c002,352.9136216528812,2021,"{""type"":""MultiPoint"",""coordinates"":[]}"
4_1_00000000000000000000,1,4.9975815400485235,est2_005_wshd,/Users/dethier/arctic_rivers/imports/taymyr_subwatersheds/est2_005_wshd.shp,est2_005,126448.39292680929,2021,"{""type"":""MultiPoint"",""coordinates"":[]}"
4_1_00000000000000000001,1,4.645186163975674,est2_004_wshd,/Users/dethier/arctic_rivers/imports/taymyr_subwatersheds/est2_004_wshd.shp,est2_004,125310.62302199693,2021,"{""type"":""MultiPoint"",""coordinates"":[]}"
4_1_00000000000000000002,1,1.6498361630488936,est2_003_wshd,/Users/dethier/arctic_rivers/imports/taymyr_subwatersheds/est2_003_wshd.shp,est2_003,122670.81111307563,2021,"{""type"":""MultiPoint"",""coordinates"":[]}"
4_1_00000000000000000003,1,1.6225886380968308,est2_002_wshd,/Users/dethier/arctic_rivers/imports/taymyr_subwatersheds/est2_002_wshd.shp,est2_002,121958.02307156472,2021,"{""type"":""MultiPoint"",""coordinates"":[]}"
4_1_00000000000000000004,1,1.0764512551187675,est2_001_wshd,/Users/dethier/arctic_rivers/imports/taymyr_subwatersheds/est2_001_wshd.shp,est2_001,120418.7045437754,2021,"{""type"":""MultiPoint"",""coordinates"":[]}"
4_1_00000000000000000005,1,0.39128462117751084,g001_wshd,/Users/dethier/arctic_rivers/imports/taymyr_subwatersheds/g001_wshd.shp,g001,17576.36802203971,2021,"{""type"":""MultiPoint"",""coordinates"":[]}"
4_1_00000000000000000006,1,0.0,control_002_wshd,/Users/dethier/arctic_rivers/imports/taymyr_subwatersheds/control_002_wshd.shp,control_002,14684.669516840928,2021,"{""type"":""MultiPoint"",""coordinates"":[]}"
4_1_00000000000000000007,1,0.14338365366799438,e001_wshd,/Users/dethier/arctic_rivers/imports/taymyr_subwatersheds/e001_wshd.shp,e001,830.8037075925799,2021,"{""type"":""MultiPoint"",""coordinates"":[]}"
4_1_00000000000000000008,1,0.049814093933706505,e002_wshd,/Users/dethier/arctic_rivers/imports/taymyr_subwatersheds/e002_wshd.shp,e002,500.0975999205465,2021,"{""type"":""MultiPoint"",""coordinates"":[]}"
4_1_00000000000000000009,1,0.24404550283985976,a002_wshd,/Users/dethier/arctic_rivers/imports/taymyr_subwatersheds/a002_wshd.shp,a002,840.0382155459675,2021,"{""type"":""MultiPoint"",""coordinates"":[]}"
4_1_0000000000000000000a,1,0.24404550283985976,a001_wshd,/Users/dethier/arctic_rivers/imports/taymyr_subwatersheds/a001_wshd.shp,a001,798.6158759565991,2021,"{""type"":""MultiPoint"",""coordinates"":[]}"
4_1_0000000000000000000b,1,3.0103591419321125,b001_wshd,/Users/dethier/arctic_rivers/imports/taymyr_subwatersheds/b001_wshd.shp,b001,2546.850078512121,2021,"{""type"":""MultiPoint"",""coordinates"":[]}"
4_1_0000000000000000000c,1,2.8508752893119285,b002_wshd,/Users/dethier/arctic_rivers/imports/taymyr_subwatersheds/b002_wshd.shp,b002,1964.4257469308982,2021,"{""type"":""MultiPoint"",""coordinates"":[]}"
4_1_0000000000000000000d,1,0.15948385262018394,d001_wshd,/Users/dethier/arctic_rivers/imports/taymyr_subwatersheds/d001_wshd.shp,d001,438.34975592319057,2021,"{""type"":""MultiPoint"",""coordinates"":[]}"
4_1_0000000000000000000e,1,2.8508752893119285,b003_wshd,/Users/dethier/arctic_rivers/imports/taymyr_subwatersheds/b003_wshd.shp,b003,1947.9314229553445,2021,"{""type"":""MultiPoint"",""coordinates"":[]}"
4_1_0000000000000000000f,1,2.4322368754251324,b004_wshd,/Users/dethier/arctic_rivers/imports/taymyr_subwatersheds/b004_wshd.shp,b004,1348.8707879201486,2021,"{""type"":""MultiPoint"",""coordinates"":[]}"
4_1_00000000000000000010,1,0.3982058262146424,b005_wshd,/Users/dethier/arctic_rivers/imports/taymyr_subwatersheds/b005_wshd.shp,b005,609.517866791095,2021,"{""type"":""MultiPoint"",""coordinates"":[]}"
4_1_00000000000000000011,1,0.11972568459101636,b007_wshd,/Users/dethier/arctic_rivers/imports/taymyr_subwatersheds/b007_wshd.shp,b007,320.3551858869623,2021,"{""type"":""MultiPoint"",""coordinates"":[]}"
4_1_00000000000000000012,1,1.838400927073256,b006_wshd,/Users/dethier/arctic_rivers/imports/taymyr_subwatersheds/b006_wshd.shp,b006,473.6934019935774,2021,"{""type"":""MultiPoint"",""coordinates"":[]}"
4_1_00000000000000000013,1,0.0879784049052867,b008_wshd,/Users/dethier/arctic_rivers/imports/taymyr_subwatersheds/b008_wshd.shp,b008,294.5069441540936,2021,"{""type"":""MultiPoint"",""coordinates"":[]}"
4_1_00000000000000000014,1,0.0,control_003_wshd,/Users/dethier/arctic_rivers/imports/taymyr_subwatersheds/control_003_wshd.shp,control_003,45747.05691161458,2021,"{""type"":""MultiPoint"",""coordinates"":[]}"
5_0_00000000000000000000,1,23.31225248410892,est1_006_wshd,/Users/dethier/arctic_rivers/imports/taymyr_subwatersheds/est1_006_wshd.shp,est1_006,11268.622789416606,2022,"{""type"":""MultiPoint"",""coordinates"":[]}"
5_0_00000000000000000001,1,22.919927163386244,est1_005_wshd,/Users/dethier/arctic_rivers/imports/taymyr_subwatersheds/est1_005_wshd.shp,est1_005,10909.57432419266,2022,"{""type"":""MultiPoint"",""coordinates"":[]}"
5_0_00000000000000000002,1,22.25368670254473,est1_004_wshd,/Users/dethier/arctic_rivers/imports/taymyr_subwatersheds/est1_004_wshd.shp,est1_004,10691.99017744351,2022,"{""type"":""MultiPoint"",""coordinates"":[]}"
5_0_00000000000000000003,1,21.66602443730494,est1_004a_wshd,/Users/dethier/arctic_rivers/imports/taymyr_subwatersheds/est1_004a_wshd.shp,est1_004a,9980.285593903476,2022,"{""type"":""MultiPoint"",""coordinates"":[]}"
5_0_00000000000000000004,1,21.585143677575278,est1_003_wshd,/Users/dethier/arctic_rivers/imports/taymyr_subwatersheds/est1_003_wshd.shp,est1_003,9708.968489629953,2022,"{""type"":""MultiPoint"",""coordinates"":[]}"
5_0_00000000000000000005,1,6.634024249215601,c001_wshd,/Users/dethier/arctic_rivers/imports/taymyr_subwatersheds/c001_wshd.shp,c001,570.4728073372927,2022,"{""type"":""MultiPoint"",""coordinates"":[]}"
5_0_00000000000000000006,1,8.205766297324491,est1_002_wshd,/Users/dethier/arctic_rivers/imports/taymyr_subwatersheds/est1_002_wshd.shp,est1_002,8761.324885203001,2022,"{""type"":""MultiPoint"",""coordinates"":[]}"
5_0_00000000000000000007,1,7.161081555366594,est1_002a_wshd,/Users/dethier/arctic_rivers/imports/taymyr_subwatersheds/est1_002a_wshd.shp,est1_002a,8577.237424575995,2022,"{""type"":""MultiPoint"",""coordinates"":[]}"
5_0_00000000000000000008,1,5.320084704734959,est1_001_wshd,/Users/dethier/arctic_rivers/imports/taymyr_subwatersheds/est1_001_wshd.shp,est1_001,8285.671326696172,2022,"{""type"":""MultiPoint"",""coordinates"":[]}"
5_0_00000000000000000009,1,4.2897215311375385,est1_001a_wshd,/Users/dethier/arctic_rivers/imports/taymyr_subwatersheds/est1_001a_wshd.shp,est1_001a,8204.562951068327,2022,"{""type"":""MultiPoint"",""coordinates"":[]}"
5_0_0000000000000000000a,1,0.10776890095522344,control_001_wshd,/Users/dethier/arctic_rivers/imports/taymyr_subwatersheds/control_001_wshd.shp,control_001,3190.1697121291463,2022,"{""type"":""MultiPoint"",""coordinates"":[]}"
5_0_0000000000000000000b,1,2.5626229160091683,control_004_wshd,/Users/dethier/arctic_rivers/imports/taymyr_subwatersheds/control_004_wshd.shp,control_004,3679.2481852912088,2022,"{""type"":""MultiPoint"",""coordinates"":[]}"
5_0_0000000000000000000c,1,6.522815978776743,c002_wshd,/Users/dethier/arctic_rivers/imports/taymyr_subwatersheds/c002_wshd.shp,c002,352.9136216528812,2022,"{""type"":""MultiPoint"",""coordinates"":[]}"
5_1_00000000000000000000,1,16.005400915453887,est2_005_wshd,/Users/dethier/arctic_rivers/imports/taymyr_subwatersheds/est2_005_wshd.shp,est2_005,126448.39292680929,2022,"{""type"":""MultiPoint"",""coordinates"":[]}"
5_1_00000000000000000001,1,15.124110199152108,est2_004_wshd,/Users/dethier/arctic_rivers/imports/taymyr_subwatersheds/est2_004_wshd.shp,est2_004,125310.62302199693,2022,"{""type"":""MultiPoint"",""coordinates"":[]}"
5_1_00000000000000000002,1,4.796328056856664,est2_003_wshd,/Users/dethier/arctic_rivers/imports/taymyr_subwatersheds/est2_003_wshd.shp,est2_003,122670.81111307563,2022,"{""type"":""MultiPoint"",""coordinates"":[]}"
5_1_00000000000000000003,1,4.450994438307577,est2_002_wshd,/Users/dethier/arctic_rivers/imports/taymyr_subwatersheds/est2_002_wshd.shp,est2_002,121958.02307156472,2022,"{""type"":""MultiPoint"",""coordinates"":[]}"
5_1_00000000000000000004,1,2.2639131953494553,est2_001_wshd,/Users/dethier/arctic_rivers/imports/taymyr_subwatersheds/est2_001_wshd.shp,est2_001,120418.7045437754,2022,"{""type"":""MultiPoint"",""coordinates"":[]}"
5_1_00000000000000000005,1,0.6708616815276509,g001_wshd,/Users/dethier/arctic_rivers/imports/taymyr_subwatersheds/g001_wshd.shp,g001,17576.36802203971,2022,"{""type"":""MultiPoint"",""coordinates"":[]}"
5_1_00000000000000000006,1,0.0,control_002_wshd,/Users/dethier/arctic_rivers/imports/taymyr_subwatersheds/control_002_wshd.shp,control_002,14684.669516840928,2022,"{""type"":""MultiPoint"",""coordinates"":[]}"
5_1_00000000000000000007,1,0.28929457523107527,e001_wshd,/Users/dethier/arctic_rivers/imports/taymyr_subwatersheds/e001_wshd.shp,e001,830.8037075925799,2022,"{""type"":""MultiPoint"",""coordinates"":[]}"
5_1_00000000000000000008,1,0.0373604989398854,e002_wshd,/Users/dethier/arctic_rivers/imports/taymyr_subwatersheds/e002_wshd.shp,e002,500.0975999205465,2022,"{""type"":""MultiPoint"",""coordinates"":[]}"
5_1_00000000000000000009,1,0.5912107593616044,a002_wshd,/Users/dethier/arctic_rivers/imports/taymyr_subwatersheds/a002_wshd.shp,a002,840.0382155459675,2022,"{""type"":""MultiPoint"",""coordinates"":[]}"
5_1_0000000000000000000a,1,0.5782409362379205,a001_wshd,/Users/dethier/arctic_rivers/imports/taymyr_subwatersheds/a001_wshd.shp,a001,798.6158759565991,2022,"{""type"":""MultiPoint"",""coordinates"":[]}"
5_1_0000000000000000000b,1,10.821802170136175,b001_wshd,/Users/dethier/arctic_rivers/imports/taymyr_subwatersheds/b001_wshd.shp,b001,2546.850078512121,2022,"{""type"":""MultiPoint"",""coordinates"":[]}"
5_1_0000000000000000000c,1,8.284813896568808,b002_wshd,/Users/dethier/arctic_rivers/imports/taymyr_subwatersheds/b002_wshd.shp,b002,1964.4257469308982,2022,"{""type"":""MultiPoint"",""coordinates"":[]}"
5_1_0000000000000000000d,1,2.5369882735673728,d001_wshd,/Users/dethier/arctic_rivers/imports/taymyr_subwatersheds/d001_wshd.shp,d001,438.34975592319057,2022,"{""type"":""MultiPoint"",""coordinates"":[]}"
5_1_0000000000000000000e,1,8.284813896568808,b003_wshd,/Users/dethier/arctic_rivers/imports/taymyr_subwatersheds/b003_wshd.shp,b003,1947.9314229553445,2022,"{""type"":""MultiPoint"",""coordinates"":[]}"
5_1_0000000000000000000f,1,7.250421088642761,b004_wshd,/Users/dethier/arctic_rivers/imports/taymyr_subwatersheds/b004_wshd.shp,b004,1348.8707879201486,2022,"{""type"":""MultiPoint"",""coordinates"":[]}"
5_1_00000000000000000010,1,1.2089349807560852,b005_wshd,/Users/dethier/arctic_rivers/imports/taymyr_subwatersheds/b005_wshd.shp,b005,609.517866791095,2022,"{""type"":""MultiPoint"",""coordinates"":[]}"
5_1_00000000000000000011,1,0.34044356061556375,b007_wshd,/Users/dethier/arctic_rivers/imports/taymyr_subwatersheds/b007_wshd.shp,b007,320.3551858869623,2022,"{""type"":""MultiPoint"",""coordinates"":[]}"
5_1_00000000000000000012,1,5.55001250114472,b006_wshd,/Users/dethier/arctic_rivers/imports/taymyr_subwatersheds/b006_wshd.shp,b006,473.6934019935774,2022,"{""type"":""MultiPoint"",""coordinates"":[]}"
5_1_00000000000000000013,1,0.24002569010534874,b008_wshd,/Users/dethier/arctic_rivers/imports/taymyr_subwatersheds/b008_wshd.shp,b008,294.5069441540936,2022,"{""type"":""MultiPoint"",""coordinates"":[]}"
5_1_00000000000000000014,1,0.0,control_003_wshd,/Users/dethier/arctic_rivers/imports/taymyr_subwatersheds/control_003_wshd.shp,control_003,45747.05691161458,2022,"{""type"":""MultiPoint"",""coordinates"":[]}"
6_0_00000000000000000000,1,31.65090518513043,est1_006_wshd,/Users/dethier/arctic_rivers/imports/taymyr_subwatersheds/est1_006_wshd.shp,est1_006,11268.622789416606,2023,"{""type"":""MultiPoint"",""coordinates"":[]}"
6_0_00000000000000000001,1,31.213707403393233,est1_005_wshd,/Users/dethier/arctic_rivers/imports/taymyr_subwatersheds/est1_005_wshd.shp,est1_005,10909.57432419266,2023,"{""type"":""MultiPoint"",""coordinates"":[]}"
6_0_00000000000000000002,1,30.36592979575583,est1_004_wshd,/Users/dethier/arctic_rivers/imports/taymyr_subwatersheds/est1_004_wshd.shp,est1_004,10691.99017744351,2023,"{""type"":""MultiPoint"",""coordinates"":[]}"
6_0_00000000000000000003,1,29.360181040381566,est1_004a_wshd,/Users/dethier/arctic_rivers/imports/taymyr_subwatersheds/est1_004a_wshd.shp,est1_004a,9980.285593903476,2023,"{""type"":""MultiPoint"",""coordinates"":[]}"
6_0_00000000000000000004,1,29.24897877255693,est1_003_wshd,/Users/dethier/arctic_rivers/imports/taymyr_subwatersheds/est1_003_wshd.shp,est1_003,9708.968489629953,2023,"{""type"":""MultiPoint"",""coordinates"":[]}"
6_0_00000000000000000005,1,9.633084545965373,c001_wshd,/Users/dethier/arctic_rivers/imports/taymyr_subwatersheds/c001_wshd.shp,c001,570.4728073372927,2023,"{""type"":""MultiPoint"",""coordinates"":[]}"
6_0_00000000000000000006,1,10.885881359667717,est1_002_wshd,/Users/dethier/arctic_rivers/imports/taymyr_subwatersheds/est1_002_wshd.shp,est1_002,8761.324885203001,2023,"{""type"":""MultiPoint"",""coordinates"":[]}"
6_0_00000000000000000007,1,9.461607262100854,est1_002a_wshd,/Users/dethier/arctic_rivers/imports/taymyr_subwatersheds/est1_002a_wshd.shp,est1_002a,8577.237424575995,2023,"{""type"":""MultiPoint"",""coordinates"":[]}"
6_0_00000000000000000008,1,6.895811298818305,est1_001_wshd,/Users/dethier/arctic_rivers/imports/taymyr_subwatersheds/est1_001_wshd.shp,est1_001,8285.671326696172,2023,"{""type"":""MultiPoint"",""coordinates"":[]}"
6_0_00000000000000000009,1,5.637565422915855,est1_001a_wshd,/Users/dethier/arctic_rivers/imports/taymyr_subwatersheds/est1_001a_wshd.shp,est1_001a,8204.562951068327,2023,"{""type"":""MultiPoint"",""coordinates"":[]}"
6_0_0000000000000000000a,1,0.20280632989555583,control_001_wshd,/Users/dethier/arctic_rivers/imports/taymyr_subwatersheds/control_001_wshd.shp,control_001,3190.1697121291463,2023,"{""type"":""MultiPoint"",""coordinates"":[]}"
6_0_0000000000000000000b,1,3.1177504223004875,control_004_wshd,/Users/dethier/arctic_rivers/imports/taymyr_subwatersheds/control_004_wshd.shp,control_004,3679.2481852912088,2023,"{""type"":""MultiPoint"",""coordinates"":[]}"
6_0_0000000000000000000c,1,9.499599522981477,c002_wshd,/Users/dethier/arctic_rivers/imports/taymyr_subwatersheds/c002_wshd.shp,c002,352.9136216528812,2023,"{""type"":""MultiPoint"",""coordinates"":[]}"
6_1_00000000000000000000,1,25.663795916305975,est2_005_wshd,/Users/dethier/arctic_rivers/imports/taymyr_subwatersheds/est2_005_wshd.shp,est2_005,126448.39292680929,2023,"{""type"":""MultiPoint"",""coordinates"":[]}"
6_1_00000000000000000001,1,23.858267612697663,est2_004_wshd,/Users/dethier/arctic_rivers/imports/taymyr_subwatersheds/est2_004_wshd.shp,est2_004,125310.62302199693,2023,"{""type"":""MultiPoint"",""coordinates"":[]}"
6_1_00000000000000000002,1,9.388049822153073,est2_003_wshd,/Users/dethier/arctic_rivers/imports/taymyr_subwatersheds/est2_003_wshd.shp,est2_003,122670.81111307563,2023,"{""type"":""MultiPoint"",""coordinates"":[]}"
6_1_00000000000000000003,1,8.609491018268074,est2_002_wshd,/Users/dethier/arctic_rivers/imports/taymyr_subwatersheds/est2_002_wshd.shp,est2_002,121958.02307156472,2023,"{""type"":""MultiPoint"",""coordinates"":[]}"
6_1_00000000000000000004,1,4.449204566013172,est2_001_wshd,/Users/dethier/arctic_rivers/imports/taymyr_subwatersheds/est2_001_wshd.shp,est2_001,120418.7045437754,2023,"{""type"":""MultiPoint"",""coordinates"":[]}"
6_1_00000000000000000005,1,1.397171993958123,g001_wshd,/Users/dethier/arctic_rivers/imports/taymyr_subwatersheds/g001_wshd.shp,g001,17576.36802203971,2023,"{""type"":""MultiPoint"",""coordinates"":[]}"
6_1_00000000000000000006,1,0.0,control_002_wshd,/Users/dethier/arctic_rivers/imports/taymyr_subwatersheds/control_002_wshd.shp,control_002,14684.669516840928,2023,"{""type"":""MultiPoint"",""coordinates"":[]}"
6_1_00000000000000000007,1,0.4638716696637377,e001_wshd,/Users/dethier/arctic_rivers/imports/taymyr_subwatersheds/e001_wshd.shp,e001,830.8037075925799,2023,"{""type"":""MultiPoint"",""coordinates"":[]}"
6_1_00000000000000000008,1,0.06851141563473584,e002_wshd,/Users/dethier/arctic_rivers/imports/taymyr_subwatersheds/e002_wshd.shp,e002,500.0975999205465,2023,"{""type"":""MultiPoint"",""coordinates"":[]}"
6_1_00000000000000000009,1,1.2055356157637602,a002_wshd,/Users/dethier/arctic_rivers/imports/taymyr_subwatersheds/a002_wshd.shp,a002,840.0382155459675,2023,"{""type"":""MultiPoint"",""coordinates"":[]}"
6_1_0000000000000000000a,1,1.1303076563311112,a001_wshd,/Users/dethier/arctic_rivers/imports/taymyr_subwatersheds/a001_wshd.shp,a001,798.6158759565991,2023,"{""type"":""MultiPoint"",""coordinates"":[]}"
6_1_0000000000000000000b,1,14.99696889288246,b001_wshd,/Users/dethier/arctic_rivers/imports/taymyr_subwatersheds/b001_wshd.shp,b001,2546.850078512121,2023,"{""type"":""MultiPoint"",""coordinates"":[]}"
6_1_0000000000000000000c,1,12.088755987093258,b002_wshd,/Users/dethier/arctic_rivers/imports/taymyr_subwatersheds/b002_wshd.shp,b002,1964.4257469308982,2023,"{""type"":""MultiPoint"",""coordinates"":[]}"
6_1_0000000000000000000d,1,2.908212905789207,d001_wshd,/Users/dethier/arctic_rivers/imports/taymyr_subwatersheds/d001_wshd.shp,d001,438.34975592319057,2023,"{""type"":""MultiPoint"",""coordinates"":[]}"
6_1_0000000000000000000e,1,12.088755987093258,b003_wshd,/Users/dethier/arctic_rivers/imports/taymyr_subwatersheds/b003_wshd.shp,b003,1947.9314229553445,2023,"{""type"":""MultiPoint"",""coordinates"":[]}"
6_1_0000000000000000000f,1,10.291061496374006,b004_wshd,/Users/dethier/arctic_rivers/imports/taymyr_subwatersheds/b004_wshd.shp,b004,1348.8707879201486,2023,"{""type"":""MultiPoint"",""coordinates"":[]}"
6_1_00000000000000000010,1,2.5159522049164353,b005_wshd,/Users/dethier/arctic_rivers/imports/taymyr_subwatersheds/b005_wshd.shp,b005,609.517866791095,2023,"{""type"":""MultiPoint"",""coordinates"":[]}"
6_1_00000000000000000011,1,0.6998796286548647,b007_wshd,/Users/dethier/arctic_rivers/imports/taymyr_subwatersheds/b007_wshd.shp,b007,320.3551858869623,2023,"{""type"":""MultiPoint"",""coordinates"":[]}"
6_1_00000000000000000012,1,7.064756631027166,b006_wshd,/Users/dethier/arctic_rivers/imports/taymyr_subwatersheds/b006_wshd.shp,b006,473.6934019935774,2023,"{""type"":""MultiPoint"",""coordinates"":[]}"
6_1_00000000000000000013,1,0.48016042819716964,b008_wshd,/Users/dethier/arctic_rivers/imports/taymyr_subwatersheds/b008_wshd.shp,b008,294.5069441540936,2023,"{""type"":""MultiPoint"",""coordinates"":[]}"
6_1_00000000000000000014,1,0.0,control_003_wshd,/Users/dethier/arctic_rivers/imports/taymyr_subwatersheds/control_003_wshd.shp,control_003,45747.05691161458,2023,"{""type"":""MultiPoint"",""coordinates"":[]}"
7_0_00000000000000000000,1,39.42443762389784,est1_006_wshd,/Users/dethier/arctic_rivers/imports/taymyr_subwatersheds/est1_006_wshd.shp,est1_006,11268.622789416606,2024,"{""type"":""MultiPoint"",""coordinates"":[]}"
7_0_00000000000000000001,1,38.71521600340862,est1_005_wshd,/Users/dethier/arctic_rivers/imports/taymyr_subwatersheds/est1_005_wshd.shp,est1_005,10909.57432419266,2024,"{""type"":""MultiPoint"",""coordinates"":[]}"
7_0_00000000000000000002,1,37.31050761468904,est1_004_wshd,/Users/dethier/arctic_rivers/imports/taymyr_subwatersheds/est1_004_wshd.shp,est1_004,10691.99017744351,2024,"{""type"":""MultiPoint"",""coordinates"":[]}"
7_0_00000000000000000003,1,35.938055522083246,est1_004a_wshd,/Users/dethier/arctic_rivers/imports/taymyr_subwatersheds/est1_004a_wshd.shp,est1_004a,9980.285593903476,2024,"{""type"":""MultiPoint"",""coordinates"":[]}"
7_0_00000000000000000004,1,35.78304475426132,est1_003_wshd,/Users/dethier/arctic_rivers/imports/taymyr_subwatersheds/est1_003_wshd.shp,est1_003,9708.968489629953,2024,"{""type"":""MultiPoint"",""coordinates"":[]}"
7_0_00000000000000000005,1,11.857539060209833,c001_wshd,/Users/dethier/arctic_rivers/imports/taymyr_subwatersheds/c001_wshd.shp,c001,570.4728073372927,2024,"{""type"":""MultiPoint"",""coordinates"":[]}"
7_0_00000000000000000006,1,13.31353879649193,est1_002_wshd,/Users/dethier/arctic_rivers/imports/taymyr_subwatersheds/est1_002_wshd.shp,est1_002,8761.324885203001,2024,"{""type"":""MultiPoint"",""coordinates"":[]}"
7_0_00000000000000000007,1,11.50040998420942,est1_002a_wshd,/Users/dethier/arctic_rivers/imports/taymyr_subwatersheds/est1_002a_wshd.shp,est1_002a,8577.237424575995,2024,"{""type"":""MultiPoint"",""coordinates"":[]}"
7_0_00000000000000000008,1,8.209729257489542,est1_001_wshd,/Users/dethier/arctic_rivers/imports/taymyr_subwatersheds/est1_001_wshd.shp,est1_001,8285.671326696172,2024,"{""type"":""MultiPoint"",""coordinates"":[]}"
7_0_00000000000000000009,1,6.721230684708203,est1_001a_wshd,/Users/dethier/arctic_rivers/imports/taymyr_subwatersheds/est1_001a_wshd.shp,est1_001a,8204.562951068327,2024,"{""type"":""MultiPoint"",""coordinates"":[]}"
7_0_0000000000000000000a,1,0.28510690022704765,control_001_wshd,/Users/dethier/arctic_rivers/imports/taymyr_subwatersheds/control_001_wshd.shp,control_001,3190.1697121291463,2024,"{""type"":""MultiPoint"",""coordinates"":[]}"
7_0_0000000000000000000b,1,3.6397508766017035,control_004_wshd,/Users/dethier/arctic_rivers/imports/taymyr_subwatersheds/control_004_wshd.shp,control_004,3679.2481852912088,2024,"{""type"":""MultiPoint"",""coordinates"":[]}"
7_0_0000000000000000000c,1,11.625565634634695,c002_wshd,/Users/dethier/arctic_rivers/imports/taymyr_subwatersheds/c002_wshd.shp,c002,352.9136216528812,2024,"{""type"":""MultiPoint"",""coordinates"":[]}"
7_1_00000000000000000000,1,34.51134696114561,est2_005_wshd,/Users/dethier/arctic_rivers/imports/taymyr_subwatersheds/est2_005_wshd.shp,est2_005,126448.39292680929,2024,"{""type"":""MultiPoint"",""coordinates"":[]}"
7_1_00000000000000000001,1,32.06203585576779,est2_004_wshd,/Users/dethier/arctic_rivers/imports/taymyr_subwatersheds/est2_004_wshd.shp,est2_004,125310.62302199693,2024,"{""type"":""MultiPoint"",""coordinates"":[]}"
7_1_00000000000000000002,1,12.95651024087384,est2_003_wshd,/Users/dethier/arctic_rivers/imports/taymyr_subwatersheds/est2_003_wshd.shp,est2_003,122670.81111307563,2024,"{""type"":""MultiPoint"",""coordinates"":[]}"
7_1_00000000000000000003,1,11.475652745797488,est2_002_wshd,/Users/dethier/arctic_rivers/imports/taymyr_subwatersheds/est2_002_wshd.shp,est2_002,121958.02307156472,2024,"{""type"":""MultiPoint"",""coordinates"":[]}"
7_1_00000000000000000004,1,5.7582616943248714,est2_001_wshd,/Users/dethier/arctic_rivers/imports/taymyr_subwatersheds/est2_001_wshd.shp,est2_001,120418.7045437754,2024,"{""type"":""MultiPoint"",""coordinates"":[]}"
7_1_00000000000000000005,1,1.734215080134436,g001_wshd,/Users/dethier/arctic_rivers/imports/taymyr_subwatersheds/g001_wshd.shp,g001,17576.36802203971,2024,"{""type"":""MultiPoint"",""coordinates"":[]}"
7_1_00000000000000000006,1,0.0,control_002_wshd,/Users/dethier/arctic_rivers/imports/taymyr_subwatersheds/control_002_wshd.shp,control_002,14684.669516840928,2024,"{""type"":""MultiPoint"",""coordinates"":[]}"
7_1_00000000000000000007,1,0.6055173748462237,e001_wshd,/Users/dethier/arctic_rivers/imports/taymyr_subwatersheds/e001_wshd.shp,e001,830.8037075925799,2024,"{""type"":""MultiPoint"",""coordinates"":[]}"
7_1_00000000000000000008,1,0.11660079864648018,e002_wshd,/Users/dethier/arctic_rivers/imports/taymyr_subwatersheds/e002_wshd.shp,e002,500.0975999205465,2024,"{""type"":""MultiPoint"",""coordinates"":[]}"
7_1_00000000000000000009,1,1.5045547008784983,a002_wshd,/Users/dethier/arctic_rivers/imports/taymyr_subwatersheds/a002_wshd.shp,a002,840.0382155459675,2024,"{""type"":""MultiPoint"",""coordinates"":[]}"
7_1_0000000000000000000a,1,1.3731221425257174,a001_wshd,/Users/dethier/arctic_rivers/imports/taymyr_subwatersheds/a001_wshd.shp,a001,798.6158759565991,2024,"{""type"":""MultiPoint"",""coordinates"":[]}"
7_1_0000000000000000000b,1,20.012242675199573,b001_wshd,/Users/dethier/arctic_rivers/imports/taymyr_subwatersheds/b001_wshd.shp,b001,2546.850078512121,2024,"{""type"":""MultiPoint"",""coordinates"":[]}"
7_1_0000000000000000000c,1,16.225133082101287,b002_wshd,/Users/dethier/arctic_rivers/imports/taymyr_subwatersheds/b002_wshd.shp,b002,1964.4257469308982,2024,"{""type"":""MultiPoint"",""coordinates"":[]}"
7_1_0000000000000000000d,1,3.7871095930982865,d001_wshd,/Users/dethier/arctic_rivers/imports/taymyr_subwatersheds/d001_wshd.shp,d001,438.34975592319057,2024,"{""type"":""MultiPoint"",""coordinates"":[]}"
7_1_0000000000000000000e,1,16.225133082101287,b003_wshd,/Users/dethier/arctic_rivers/imports/taymyr_subwatersheds/b003_wshd.shp,b003,1947.9314229553445,2024,"{""type"":""MultiPoint"",""coordinates"":[]}"
7_1_0000000000000000000f,1,14.03152578340955,b004_wshd,/Users/dethier/arctic_rivers/imports/taymyr_subwatersheds/b004_wshd.shp,b004,1348.8707879201486,2024,"{""type"":""MultiPoint"",""coordinates"":[]}"
7_1_00000000000000000010,1,3.985320134872956,b005_wshd,/Users/dethier/arctic_rivers/imports/taymyr_subwatersheds/b005_wshd.shp,b005,609.517866791095,2024,"{""type"":""MultiPoint"",""coordinates"":[]}"
7_1_00000000000000000011,1,1.2310888656158099,b007_wshd,/Users/dethier/arctic_rivers/imports/taymyr_subwatersheds/b007_wshd.shp,b007,320.3551858869623,2024,"{""type"":""MultiPoint"",""coordinates"":[]}"
7_1_00000000000000000012,1,9.10880619092823,b006_wshd,/Users/dethier/arctic_rivers/imports/taymyr_subwatersheds/b006_wshd.shp,b006,473.6934019935774,2024,"{""type"":""MultiPoint"",""coordinates"":[]}"
7_1_00000000000000000013,1,0.8791464410726105,b008_wshd,/Users/dethier/arctic_rivers/imports/taymyr_subwatersheds/b008_wshd.shp,b008,294.5069441540936,2024,"{""type"":""MultiPoint"",""coordinates"":[]}"
7_1_00000000000000000014,1,0.0231253910949342,control_003_wshd,/Users/dethier/arctic_rivers/imports/taymyr_subwatersheds/control_003_wshd.shp,control_003,45747.05691161458,2024,"{""type"":""MultiPoint"",""coordinates"":[]}"
