"","Date","Area","ID","mean_Area"
"1",2020-07-05,21900,"ID108177341327213",26400
"2",2020-07-17,23000,"ID108177341327213",26400
"3",2020-08-01,24500,"ID108177341327213",26400
"4",2021-07-17,28100,"ID108177341327213",26400
"5",2022-07-14,34500,"ID108177341327213",26400
"6",2020-07-05,47200,"ID108258945705888",54766.6666666667
"7",2020-07-17,48900,"ID108258945705888",54766.6666666667
"8",2020-08-01,49900,"ID108258945705888",54766.6666666667
"9",2020-08-15,51000,"ID108258945705888",54766.6666666667
"10",2020-08-23,52300,"ID108258945705888",54766.6666666667
"11",2020-09-09,53000,"ID108258945705888",54766.6666666667
"12",2020-09-24,59200,"ID108258945705888",54766.6666666667
"13",2021-07-17,61000,"ID108258945705888",54766.6666666667
"14",2022-07-14,70400,"ID108258945705888",54766.6666666667
"15",2020-07-05,59400,"ID108731392108516",61520
"16",2020-07-17,59800,"ID108731392108516",61520
"17",2020-08-01,60800,"ID108731392108516",61520
"18",2020-08-15,62800,"ID108731392108516",61520
"19",2020-09-09,64800,"ID108731392108516",61520
"20",2020-07-05,24200,"ID109126529099312",25814.2857142857
"21",2020-07-05,24200,"ID109126529099312",25814.2857142857
"22",2020-08-01,24600,"ID109126529099312",25814.2857142857
"23",2020-08-01,24600,"ID109126529099312",25814.2857142857
"24",2020-09-09,26100,"ID109126529099312",25814.2857142857
"25",2020-09-09,26100,"ID109126529099312",25814.2857142857
"26",2022-07-14,30900,"ID109126529099312",25814.2857142857
"27",2020-07-05,19600,"ID110522393470713",35242.8571428571
"28",2020-07-17,26100,"ID110522393470713",35242.8571428571
"29",2020-08-01,28500,"ID110522393470713",35242.8571428571
"30",2020-08-14,37700,"ID110522393470713",35242.8571428571
"31",2021-07-17,39100,"ID110522393470713",35242.8571428571
"32",2022-07-14,43500,"ID110522393470713",35242.8571428571
"33",2023-07-05,52200,"ID110522393470713",35242.8571428571
"34",2020-07-05,639300,"ID110539573339800",639700
"35",2020-07-05,639300,"ID110539573339800",639700
"36",2020-07-17,639800,"ID110539573339800",639700
"37",2020-07-17,639800,"ID110539573339800",639700
"38",2020-08-23,640000,"ID110539573339800",639700
"39",2020-08-23,640000,"ID110539573339800",639700
"40",2020-07-05,67900,"ID111445811438822",69916.6666666667
"41",2020-07-17,68800,"ID111445811438822",69916.6666666667
"42",2020-07-17,68800,"ID111445811438822",69916.6666666667
"43",2020-08-01,69900,"ID111445811438822",69916.6666666667
"44",2020-08-01,69900,"ID111445811438822",69916.6666666667
"45",2023-07-05,74200,"ID111445811438822",69916.6666666667
"46",2020-07-05,11400,"ID111501646013606",13987.5
"47",2020-07-17,12800,"ID111501646013606",13987.5
"48",2020-08-14,13100,"ID111501646013606",13987.5
"49",2021-07-17,13100,"ID111501646013606",13987.5
"50",2021-08-03,14600,"ID111501646013606",13987.5
"51",2022-07-20,14900,"ID111501646013606",13987.5
"52",2023-07-29,15400,"ID111501646013606",13987.5
"53",2024-07-06,16600,"ID111501646013606",13987.5
"54",2020-07-05,47800,"ID111578955424966",57160
"55",2020-08-14,51700,"ID111578955424966",57160
"56",2020-08-23,52400,"ID111578955424966",57160
"57",2022-07-20,60300,"ID111578955424966",57160
"58",2023-07-05,73600,"ID111578955424966",57160
"59",2020-07-05,21900,"ID111669149738339",24014.2857142857
"60",2022-08-16,22100,"ID111669149738339",24014.2857142857
"61",2023-07-27,23500,"ID111669149738339",24014.2857142857
"62",2023-07-29,23700,"ID111669149738339",24014.2857142857
"63",2023-08-17,23900,"ID111669149738339",24014.2857142857
"64",2024-07-06,26300,"ID111669149738339",24014.2857142857
"65",2024-08-05,26700,"ID111669149738339",24014.2857142857
"66",2020-07-05,82700,"ID111686329607531",99742.8571428571
"67",2020-08-14,88100,"ID111686329607531",99742.8571428571
"68",2020-09-09,89100,"ID111686329607531",99742.8571428571
"69",2021-07-17,100800,"ID111686329607531",99742.8571428571
"70",2022-07-20,110200,"ID111686329607531",99742.8571428571
"71",2022-08-16,110500,"ID111686329607531",99742.8571428571
"72",2023-08-17,116800,"ID111686329607531",99742.8571428571
"73",2020-07-05,45100,"ID111823768561045",47440
"74",2020-09-09,45800,"ID111823768561045",47440
"75",2020-09-09,45800,"ID111823768561045",47440
"76",2021-07-17,50200,"ID111823768561045",47440
"77",2022-07-14,50300,"ID111823768561045",47440
"78",2020-07-05,19800,"ID112231790454104",22360
"79",2020-07-05,19800,"ID112231790454104",22360
"80",2020-09-09,22800,"ID112231790454104",22360
"81",2021-08-03,24400,"ID112231790454104",22360
"82",2022-07-14,25000,"ID112231790454104",22360
"83",2020-09-09,10700,"ID112523848230444",13160
"84",2021-07-17,10700,"ID112523848230444",13160
"85",2021-08-03,12700,"ID112523848230444",13160
"86",2022-07-14,15600,"ID112523848230444",13160
"87",2023-09-07,16100,"ID112523848230444",13160
"88",2020-07-05,35800,"ID112631222416310",40660
"89",2020-07-28,36400,"ID112631222416310",40660
"90",2021-09-11,38600,"ID112631222416310",40660
"91",2022-09-29,40400,"ID112631222416310",40660
"92",2023-07-26,52100,"ID112631222416310",40660
"93",2021-08-03,11500,"ID113013474501964",13240
"94",2021-08-06,11500,"ID113013474501964",13240
"95",2022-07-17,13000,"ID113013474501964",13240
"96",2024-07-30,14900,"ID113013474501964",13240
"97",2024-08-05,15300,"ID113013474501964",13240
"98",2020-09-09,17500,"ID113056424175078",22680
"99",2021-07-17,20300,"ID113056424175078",22680
"100",2021-08-03,22200,"ID113056424175078",22680
"101",2023-07-27,26400,"ID113056424175078",22680
"102",2024-07-06,27000,"ID113056424175078",22680
"103",2020-07-17,128000,"ID113253992670636",130520
"104",2020-08-23,128700,"ID113253992670636",130520
"105",2020-09-09,130000,"ID113253992670636",130520
"106",2022-07-14,132300,"ID113253992670636",130520
"107",2023-07-05,133600,"ID113253992670636",130520
"108",2021-07-17,9400,"ID113318417180018",15125
"109",2021-08-06,10700,"ID113318417180018",15125
"110",2022-08-16,13800,"ID113318417180018",15125
"111",2023-07-09,14100,"ID113318417180018",15125
"112",2023-07-26,15800,"ID113318417180018",15125
"113",2023-08-20,16700,"ID113318417180018",15125
"114",2023-09-07,19400,"ID113318417180018",15125
"115",2024-07-06,21100,"ID113318417180018",15125
"116",2020-07-05,55200,"ID118562572254781",65455.5555555556
"117",2020-07-28,55600,"ID118562572254781",65455.5555555556
"118",2020-07-31,56300,"ID118562572254781",65455.5555555556
"119",2020-08-14,59800,"ID118562572254781",65455.5555555556
"120",2020-08-23,60500,"ID118562572254781",65455.5555555556
"121",2020-08-27,65000,"ID118562572254781",65455.5555555556
"122",2021-08-02,65100,"ID118562572254781",65455.5555555556
"123",2022-07-13,65400,"ID118562572254781",65455.5555555556
"124",2022-07-28,67200,"ID118562572254781",65455.5555555556
"125",2022-07-29,67300,"ID118562572254781",65455.5555555556
"126",2023-07-05,68400,"ID118562572254781",65455.5555555556
"127",2023-07-26,69400,"ID118562572254781",65455.5555555556
"128",2023-07-29,69500,"ID118562572254781",65455.5555555556
"129",2023-08-07,70200,"ID118562572254781",65455.5555555556
"130",2023-09-01,70400,"ID118562572254781",65455.5555555556
"131",2024-07-05,70500,"ID118562572254781",65455.5555555556
"132",2024-07-15,70700,"ID118562572254781",65455.5555555556
"133",2024-09-19,71700,"ID118562572254781",65455.5555555556
"134",2020-07-03,23400,"ID122303488769412",30790.9090909091
"135",2020-07-29,24000,"ID122303488769412",30790.9090909091
"136",2020-08-15,24300,"ID122303488769412",30790.9090909091
"137",2020-08-27,27400,"ID122303488769412",30790.9090909091
"138",2020-09-09,29200,"ID122303488769412",30790.9090909091
"139",2020-09-22,29500,"ID122303488769412",30790.9090909091
"140",2021-09-11,30600,"ID122303488769412",30790.9090909091
"141",2022-07-13,32700,"ID122303488769412",30790.9090909091
"142",2022-08-13,33000,"ID122303488769412",30790.9090909091
"143",2022-08-23,39900,"ID122303488769412",30790.9090909091
"144",2023-09-05,44700,"ID122303488769412",30790.9090909091
"145",2020-07-05,15700,"ID124356483137020",19616.6666666667
"146",2020-08-27,17900,"ID124356483137020",19616.6666666667
"147",2020-09-23,19700,"ID124356483137020",19616.6666666667
"148",2021-07-17,20200,"ID124356483137020",19616.6666666667
"149",2022-07-13,21300,"ID124356483137020",19616.6666666667
"150",2023-07-26,22900,"ID124356483137020",19616.6666666667
"151",2020-07-05,4500,"ID125314260843423",8526.31578947369
"152",2020-07-29,4500,"ID125314260843423",8526.31578947369
"153",2020-08-14,5700,"ID125314260843423",8526.31578947369
"154",2020-09-22,6100,"ID125314260843423",8526.31578947369
"155",2020-09-23,6100,"ID125314260843423",8526.31578947369
"156",2021-07-28,6600,"ID125314260843423",8526.31578947369
"157",2021-09-11,7900,"ID125314260843423",8526.31578947369
"158",2022-07-13,8200,"ID125314260843423",8526.31578947369
"159",2022-07-20,8200,"ID125314260843423",8526.31578947369
"160",2022-07-24,9100,"ID125314260843423",8526.31578947369
"161",2022-08-14,9400,"ID125314260843423",8526.31578947369
"162",2022-08-23,9400,"ID125314260843423",8526.31578947369
"163",2023-07-05,9800,"ID125314260843423",8526.31578947369
"164",2023-07-26,10000,"ID125314260843423",8526.31578947369
"165",2023-08-07,10200,"ID125314260843423",8526.31578947369
"166",2023-08-19,10700,"ID125314260843423",8526.31578947369
"167",2023-08-31,11000,"ID125314260843423",8526.31578947369
"168",2023-09-05,11900,"ID125314260843423",8526.31578947369
"169",2024-07-06,12700,"ID125314260843423",8526.31578947369
"170",2021-07-01,17200,"ID128015795265202",22512.5
"171",2021-08-01,17600,"ID128015795265202",22512.5
"172",2021-08-06,20600,"ID128015795265202",22512.5
"173",2023-07-26,21700,"ID128015795265202",22512.5
"174",2023-08-18,23200,"ID128015795265202",22512.5
"175",2024-07-26,25200,"ID128015795265202",22512.5
"176",2024-08-14,25500,"ID128015795265202",22512.5
"177",2024-08-23,29100,"ID128015795265202",22512.5
"178",2020-07-06,7700,"ID128458176896826",13820
"179",2020-07-17,8400,"ID128458176896826",13820
"180",2020-08-23,10000,"ID128458176896826",13820
"181",2021-08-01,13800,"ID128458176896826",13820
"182",2021-08-06,13900,"ID128458176896826",13820
"183",2022-07-17,15300,"ID128458176896826",13820
"184",2023-07-26,16500,"ID128458176896826",13820
"185",2023-08-08,17200,"ID128458176896826",13820
"186",2023-08-20,17500,"ID128458176896826",13820
"187",2023-09-07,17900,"ID128458176896826",13820
"188",2020-07-05,16600,"ID128518306447147",21957.1428571429
"189",2020-07-05,16600,"ID128518306447147",21957.1428571429
"190",2020-07-29,16800,"ID128518306447147",21957.1428571429
"191",2020-08-14,23300,"ID128518306447147",21957.1428571429
"192",2020-08-14,23300,"ID128518306447147",21957.1428571429
"193",2020-09-09,27000,"ID128518306447147",21957.1428571429
"194",2020-09-22,30100,"ID128518306447147",21957.1428571429
"195",2021-08-06,16800,"ID128831839051534",21916.6666666667
"196",2022-07-12,19600,"ID128831839051534",21916.6666666667
"197",2023-07-04,19900,"ID128831839051534",21916.6666666667
"198",2023-07-26,23000,"ID128831839051534",21916.6666666667
"199",2024-08-14,24700,"ID128831839051534",21916.6666666667
"200",2024-08-23,27500,"ID128831839051534",21916.6666666667
"201",2020-07-17,6300,"ID132366597137372",9762.5
"202",2020-08-01,7800,"ID132366597137372",9762.5
"203",2021-08-01,9800,"ID132366597137372",9762.5
"204",2023-07-05,10000,"ID132366597137372",9762.5
"205",2023-07-26,10200,"ID132366597137372",9762.5
"206",2023-08-08,10600,"ID132366597137372",9762.5
"207",2023-08-20,10800,"ID132366597137372",9762.5
"208",2023-09-07,12600,"ID132366597137372",9762.5
"209",2020-07-06,5100,"ID132525510927529",9866.66666666667
"210",2020-08-01,6300,"ID132525510927529",9866.66666666667
"211",2021-08-01,6800,"ID132525510927529",9866.66666666667
"212",2021-08-06,6900,"ID132525510927529",9866.66666666667
"213",2022-07-14,7100,"ID132525510927529",9866.66666666667
"214",2022-07-20,8600,"ID132525510927529",9866.66666666667
"215",2023-07-05,9800,"ID132525510927529",9866.66666666667
"216",2023-07-10,10600,"ID132525510927529",9866.66666666667
"217",2023-07-26,11000,"ID132525510927529",9866.66666666667
"218",2023-08-08,11500,"ID132525510927529",9866.66666666667
"219",2023-08-20,11600,"ID132525510927529",9866.66666666667
"220",2024-07-07,12800,"ID132525510927529",9866.66666666667
"221",2024-07-30,13200,"ID132525510927529",9866.66666666667
"222",2024-08-14,13200,"ID132525510927529",9866.66666666667
"223",2024-08-23,13500,"ID132525510927529",9866.66666666667
"224",2020-07-06,24000,"ID132568460600377",25116.6666666667
"225",2020-08-01,24000,"ID132568460600377",25116.6666666667
"226",2020-08-23,24800,"ID132568460600377",25116.6666666667
"227",2021-07-01,25900,"ID132568460600377",25116.6666666667
"228",2022-07-20,25900,"ID132568460600377",25116.6666666667
"229",2023-07-05,26100,"ID132568460600377",25116.6666666667
"230",2021-08-01,9600,"ID132727374390109",14500
"231",2022-07-20,13000,"ID132727374390109",14500
"232",2023-07-05,15400,"ID132727374390109",14500
"233",2023-08-08,15400,"ID132727374390109",14500
"234",2023-09-07,15800,"ID132727374390109",14500
"235",2024-07-25,16000,"ID132727374390109",14500
"236",2024-08-14,16300,"ID132727374390109",14500
"237",2020-07-06,12300,"ID132770324063342",18400
"238",2020-08-01,12500,"ID132770324063342",18400
"239",2020-08-14,14800,"ID132770324063342",18400
"240",2023-07-10,17700,"ID132770324063342",18400
"241",2023-08-08,18300,"ID132770324063342",18400
"242",2023-08-18,20700,"ID132770324063342",18400
"243",2024-07-07,24700,"ID132770324063342",18400
"244",2024-07-30,26200,"ID132770324063342",18400
"245",2020-07-06,18100,"ID132808978768841",18700
"246",2022-07-20,18500,"ID132808978768841",18700
"247",2023-07-05,18800,"ID132808978768841",18700
"248",2024-07-07,19000,"ID132808978768841",18700
"249",2024-07-08,19100,"ID132808978768841",18700
"250",2020-07-06,11300,"ID132834748572450",19200
"251",2020-08-01,13600,"ID132834748572450",19200
"252",2020-08-05,18800,"ID132834748572450",19200
"253",2023-07-05,20700,"ID132834748572450",19200
"254",2023-08-08,20700,"ID132834748572450",19200
"255",2023-08-18,21400,"ID132834748572450",19200
"256",2023-08-20,21500,"ID132834748572450",19200
"257",2023-09-07,22300,"ID132834748572450",19200
"258",2024-08-23,22500,"ID132834748572450",19200
"259",2020-07-06,25700,"ID132873403278609",34928.5714285714
"260",2020-08-14,28100,"ID132873403278609",34928.5714285714
"261",2021-07-01,32500,"ID132873403278609",34928.5714285714
"262",2021-08-06,33800,"ID132873403278609",34928.5714285714
"263",2022-07-20,36600,"ID132873403278609",34928.5714285714
"264",2023-07-26,40400,"ID132873403278609",34928.5714285714
"265",2024-07-07,47400,"ID132873403278609",34928.5714285714
"266",2020-07-06,268100,"ID133045201970274",283277.777777778
"267",2020-08-01,271700,"ID133045201970274",283277.777777778
"268",2020-08-05,280500,"ID133045201970274",283277.777777778
"269",2021-08-01,283300,"ID133045201970274",283277.777777778
"270",2022-07-20,283400,"ID133045201970274",283277.777777778
"271",2023-07-05,288100,"ID133045201970274",283277.777777778
"272",2023-08-08,289100,"ID133045201970274",283277.777777778
"273",2023-08-20,289500,"ID133045201970274",283277.777777778
"274",2023-09-07,295800,"ID133045201970274",283277.777777778
"275",2020-07-06,29700,"ID133049496937564",38200
"276",2020-08-01,35400,"ID133049496937564",38200
"277",2020-08-14,36500,"ID133049496937564",38200
"278",2023-08-18,44600,"ID133049496937564",38200
"279",2024-08-14,44800,"ID133049496937564",38200
"280",2020-07-06,24700,"ID133075266741382",38133.3333333333
"281",2021-08-06,28600,"ID133075266741382",38133.3333333333
"282",2022-07-14,40500,"ID133075266741382",38133.3333333333
"283",2022-07-20,42300,"ID133075266741382",38133.3333333333
"284",2023-07-05,44000,"ID133075266741382",38133.3333333333
"285",2024-07-07,48700,"ID133075266741382",38133.3333333333
"286",2020-07-06,8800,"ID133478993667000",14566.6666666667
"287",2022-07-14,12900,"ID133478993667000",14566.6666666667
"288",2022-07-20,14500,"ID133478993667000",14566.6666666667
"289",2023-07-05,15700,"ID133478993667000",14566.6666666667
"290",2023-07-26,16200,"ID133478993667000",14566.6666666667
"291",2023-08-18,19300,"ID133478993667000",14566.6666666667
"292",2020-07-06,88000,"ID135991549534021",153100
"293",2023-08-18,126200,"ID135991549534021",153100
"294",2023-08-23,164600,"ID135991549534021",153100
"295",2023-09-07,164600,"ID135991549534021",153100
"296",2024-07-07,164600,"ID135991549534021",153100
"297",2024-07-08,164600,"ID135991549534021",153100
"298",2024-07-26,164600,"ID135991549534021",153100
"299",2024-07-30,164600,"ID135991549534021",153100
"300",2024-08-14,164600,"ID135991549534021",153100
"301",2024-08-23,164600,"ID135991549534021",153100
"302",2020-07-05,16800,"ID151114129387354",24610
"303",2021-09-14,22100,"ID151114129387354",24610
"304",2023-07-05,25900,"ID151114129387354",24610
"305",2023-07-26,25900,"ID151114129387354",24610
"306",2023-08-06,25900,"ID151114129387354",24610
"307",2023-08-19,25900,"ID151114129387354",24610
"308",2023-08-31,25900,"ID151114129387354",24610
"309",2024-07-26,25900,"ID151114129387354",24610
"310",2024-07-30,25900,"ID151114129387354",24610
"311",2024-08-14,25900,"ID151114129387354",24610
"312",2020-08-15,16100,"ID110530983404168",22900
"313",2020-08-23,16200,"ID110530983404168",22900
"314",2021-07-17,19900,"ID110530983404168",22900
"315",2021-07-22,20100,"ID110530983404168",22900
"316",2022-07-14,23500,"ID110530983404168",22900
"317",2022-08-16,25400,"ID110530983404168",22900
"318",2023-07-29,25400,"ID110530983404168",22900
"319",2023-08-08,26900,"ID110530983404168",22900
"320",2023-08-22,27500,"ID110530983404168",22900
"321",2024-08-14,28000,"ID110530983404168",22900
"322",2020-07-04,11200,"ID110599702880916",23612.5
"323",2020-08-15,15800,"ID110599702880916",23612.5
"324",2020-08-23,17600,"ID110599702880916",23612.5
"325",2020-09-09,21400,"ID110599702880916",23612.5
"326",2021-07-17,26200,"ID110599702880916",23612.5
"327",2021-08-03,28100,"ID110599702880916",23612.5
"328",2022-07-14,34200,"ID110599702880916",23612.5
"329",2023-09-07,34400,"ID110599702880916",23612.5
"330",2020-07-06,10600,"ID111467286274687",20100
"331",2020-08-01,14900,"ID111467286274687",20100
"332",2023-07-29,20000,"ID111467286274687",20100
"333",2023-08-17,25000,"ID111467286274687",20100
"334",2023-08-23,25000,"ID111467286274687",20100
"335",2024-07-06,25100,"ID111467286274687",20100
"336",2020-07-06,18100,"ID111484466143816",24544.4444444444
"337",2020-07-17,18100,"ID111484466143816",24544.4444444444
"338",2020-08-01,19700,"ID111484466143816",24544.4444444444
"339",2020-08-13,22800,"ID111484466143816",24544.4444444444
"340",2020-09-09,25700,"ID111484466143816",24544.4444444444
"341",2022-08-04,27500,"ID111484466143816",24544.4444444444
"342",2022-08-05,28500,"ID111484466143816",24544.4444444444
"343",2023-07-02,29500,"ID111484466143816",24544.4444444444
"344",2023-07-09,31000,"ID111484466143816",24544.4444444444
"345",2020-07-06,6600,"ID111514530914942",12050
"346",2020-08-01,7000,"ID111514530914942",12050
"347",2020-08-23,9100,"ID111514530914942",12050
"348",2021-08-03,12000,"ID111514530914942",12050
"349",2021-08-06,16600,"ID111514530914942",12050
"350",2023-09-07,21000,"ID111514530914942",12050
"351",2020-07-05,18100,"ID103659035731131",19140
"352",2022-07-09,19400,"ID103659035731131",19140
"353",2023-07-02,19400,"ID103659035731131",19140
"354",2023-08-07,19400,"ID103659035731131",19140
"355",2024-07-07,19400,"ID103659035731131",19140
"356",2020-09-09,18600,"ID109740709422175",28933.3333333333
"357",2021-08-03,25300,"ID109740709422175",28933.3333333333
"358",2022-07-20,27800,"ID109740709422175",28933.3333333333
"359",2022-08-04,27900,"ID109740709422175",28933.3333333333
"360",2022-08-16,32500,"ID109740709422175",28933.3333333333
"361",2023-07-05,41500,"ID109740709422175",28933.3333333333
"362",2020-07-04,15800,"ID110144436347578",26390.9090909091
"363",2020-07-17,18900,"ID110144436347578",26390.9090909091
"364",2021-08-03,20400,"ID110144436347578",26390.9090909091
"365",2022-07-14,29400,"ID110144436347578",26390.9090909091
"366",2022-07-20,29400,"ID110144436347578",26390.9090909091
"367",2023-07-02,29400,"ID110144436347578",26390.9090909091
"368",2023-07-09,29400,"ID110144436347578",26390.9090909091
"369",2023-07-27,29400,"ID110144436347578",26390.9090909091
"370",2023-08-08,29400,"ID110144436347578",26390.9090909091
"371",2023-08-17,29400,"ID110144436347578",26390.9090909091
"372",2023-08-22,29400,"ID110144436347578",26390.9090909091
"373",2020-07-05,43400,"ID110586817979317",48266.6666666667
"374",2020-08-14,43600,"ID110586817979317",48266.6666666667
"375",2021-07-17,49100,"ID110586817979317",48266.6666666667
"376",2022-07-14,50400,"ID110586817979317",48266.6666666667
"377",2022-08-16,50800,"ID110586817979317",48266.6666666667
"378",2023-09-07,52300,"ID110586817979317",48266.6666666667
"379",2022-07-20,24900,"ID110651242488726",28466.6666666667
"380",2022-08-04,25100,"ID110651242488726",28466.6666666667
"381",2022-08-16,28400,"ID110651242488726",28466.6666666667
"382",2023-07-09,29100,"ID110651242488726",28466.6666666667
"383",2023-09-07,31600,"ID110651242488726",28466.6666666667
"384",2024-07-06,31700,"ID110651242488726",28466.6666666667
"385",2020-07-05,196300,"ID110719961965796",233690.909090909
"386",2020-07-17,208900,"ID110719961965796",233690.909090909
"387",2020-08-01,210700,"ID110719961965796",233690.909090909
"388",2020-08-14,227200,"ID110719961965796",233690.909090909
"389",2020-09-09,240100,"ID110719961965796",233690.909090909
"390",2022-08-04,242500,"ID110719961965796",233690.909090909
"391",2022-08-16,243200,"ID110719961965796",233690.909090909
"392",2023-07-27,245000,"ID110719961965796",233690.909090909
"393",2023-08-17,246000,"ID110719961965796",233690.909090909
"394",2024-07-06,253300,"ID110719961965796",233690.909090909
"395",2024-08-05,257400,"ID110719961965796",233690.909090909
"396",2020-07-05,26300,"ID110805861311419",34075
"397",2020-07-17,27200,"ID110805861311419",34075
"398",2020-08-01,30300,"ID110805861311419",34075
"399",2020-08-23,30400,"ID110805861311419",34075
"400",2022-08-04,36800,"ID110805861311419",34075
"401",2023-07-29,39400,"ID110805861311419",34075
"402",2024-07-26,39900,"ID110805861311419",34075
"403",2024-07-30,42300,"ID110805861311419",34075
"404",2020-08-14,21200,"ID110848810984478",23250
"405",2020-08-23,21200,"ID110848810984478",23250
"406",2020-09-09,22700,"ID110848810984478",23250
"407",2021-07-17,22700,"ID110848810984478",23250
"408",2021-08-03,23500,"ID110848810984478",23250
"409",2022-07-14,28200,"ID110848810984478",23250
"410",2020-07-05,59900,"ID110865990853492",60020
"411",2020-07-17,60000,"ID110865990853492",60020
"412",2020-08-01,60000,"ID110865990853492",60020
"413",2020-08-23,60000,"ID110865990853492",60020
"414",2021-07-17,60200,"ID110865990853492",60020
"415",2020-07-06,26100,"ID111746459148914",31690.9090909091
"416",2020-08-23,27500,"ID111746459148914",31690.9090909091
"417",2020-09-09,30000,"ID111746459148914",31690.9090909091
"418",2021-07-17,30300,"ID111746459148914",31690.9090909091
"419",2021-08-03,31900,"ID111746459148914",31690.9090909091
"420",2023-07-09,32300,"ID111746459148914",31690.9090909091
"421",2023-07-26,32700,"ID111746459148914",31690.9090909091
"422",2023-08-17,33600,"ID111746459148914",31690.9090909091
"423",2024-07-08,34000,"ID111746459148914",31690.9090909091
"424",2024-07-30,34400,"ID111746459148914",31690.9090909091
"425",2024-08-05,35800,"ID111746459148914",31690.9090909091
"426",2020-08-23,23000,"ID111901077971577",27100
"427",2020-09-09,24300,"ID111901077971577",27100
"428",2021-07-17,24500,"ID111901077971577",27100
"429",2021-07-22,26000,"ID111901077971577",27100
"430",2022-07-18,27700,"ID111901077971577",27100
"431",2022-09-02,28400,"ID111901077971577",27100
"432",2023-07-09,30300,"ID111901077971577",27100
"433",2023-07-26,32600,"ID111901077971577",27100
"434",2020-07-05,31700,"ID112214610584188",47714.2857142857
"435",2020-07-17,37600,"ID112214610584188",47714.2857142857
"436",2020-08-13,44600,"ID112214610584188",47714.2857142857
"437",2021-07-17,53900,"ID112214610584188",47714.2857142857
"438",2022-07-14,55400,"ID112214610584188",47714.2857142857
"439",2022-07-17,55400,"ID112214610584188",47714.2857142857
"440",2023-07-05,55400,"ID112214610584188",47714.2857142857
"441",2020-07-05,12500,"ID112347754570345",15314.2857142857
"442",2020-07-17,13000,"ID112347754570345",15314.2857142857
"443",2020-08-01,14000,"ID112347754570345",15314.2857142857
"444",2021-08-03,14300,"ID112347754570345",15314.2857142857
"445",2021-08-06,15300,"ID112347754570345",15314.2857142857
"446",2021-09-22,17200,"ID112347754570345",15314.2857142857
"447",2022-09-02,20900,"ID112347754570345",15314.2857142857
"448",2020-07-05,33400,"ID113202453063125",55050
"449",2020-08-01,33900,"ID113202453063125",55050
"450",2020-08-14,43700,"ID113202453063125",55050
"451",2020-08-23,46600,"ID113202453063125",55050
"452",2020-09-09,53500,"ID113202453063125",55050
"453",2021-07-17,73400,"ID113202453063125",55050
"454",2022-07-20,77300,"ID113202453063125",55050
"455",2023-07-09,78600,"ID113202453063125",55050
"456",2020-08-01,17700,"ID113391431623234",29740
"457",2020-08-13,24800,"ID113391431623234",29740
"458",2020-08-23,25200,"ID113391431623234",29740
"459",2021-07-17,37100,"ID113391431623234",29740
"460",2022-07-17,43900,"ID113391431623234",29740
"461",2020-07-05,18400,"ID113627654824942",22042.8571428571
"462",2020-08-23,18600,"ID113627654824942",22042.8571428571
"463",2021-07-17,19900,"ID113627654824942",22042.8571428571
"464",2022-07-14,22800,"ID113627654824942",22042.8571428571
"465",2022-07-17,24700,"ID113627654824942",22042.8571428571
"466",2023-07-05,24800,"ID113627654824942",22042.8571428571
"467",2023-07-26,25100,"ID113627654824942",22042.8571428571
"468",2020-07-05,44000,"ID113636244760141",46080
"469",2023-07-09,45200,"ID113636244760141",46080
"470",2023-07-27,47000,"ID113636244760141",46080
"471",2023-08-17,47100,"ID113636244760141",46080
"472",2024-08-14,47100,"ID113636244760141",46080
"473",2020-07-05,26900,"ID113747913909727",28440
"474",2021-07-17,28600,"ID113747913909727",28440
"475",2022-07-14,28900,"ID113747913909727",28440
"476",2022-07-17,28900,"ID113747913909727",28440
"477",2023-09-07,28900,"ID113747913909727",28440
"478",2020-07-17,14200,"ID113777978680913",16285.7142857143
"479",2020-08-01,14800,"ID113777978680913",16285.7142857143
"480",2020-08-13,15000,"ID113777978680913",16285.7142857143
"481",2020-08-23,15400,"ID113777978680913",16285.7142857143
"482",2020-09-09,16700,"ID113777978680913",16285.7142857143
"483",2022-07-14,18500,"ID113777978680913",16285.7142857143
"484",2024-07-08,19400,"ID113777978680913",16285.7142857143
"485",2020-08-13,9000,"ID113893942797779",10716.6666666667
"486",2020-08-23,9000,"ID113893942797779",10716.6666666667
"487",2020-09-09,9300,"ID113893942797779",10716.6666666667
"488",2021-07-17,10900,"ID113893942797779",10716.6666666667
"489",2022-07-14,11900,"ID113893942797779",10716.6666666667
"490",2023-09-07,14200,"ID113893942797779",10716.6666666667
"491",2020-08-13,3400,"ID113906827699610",7425
"492",2020-09-09,3700,"ID113906827699610",7425
"493",2021-07-17,4500,"ID113906827699610",7425
"494",2021-08-03,5000,"ID113906827699610",7425
"495",2021-09-22,5300,"ID113906827699610",7425
"496",2022-08-04,6700,"ID113906827699610",7425
"497",2022-08-16,7300,"ID113906827699610",7425
"498",2022-09-02,7400,"ID113906827699610",7425
"499",2023-07-26,8400,"ID113906827699610",7425
"500",2023-07-29,8600,"ID113906827699610",7425
"501",2023-08-08,9000,"ID113906827699610",7425
"502",2023-08-17,9100,"ID113906827699610",7425
"503",2023-08-20,9200,"ID113906827699610",7425
"504",2024-07-06,10100,"ID113906827699610",7425
"505",2024-07-26,10500,"ID113906827699610",7425
"506",2024-08-05,10600,"ID113906827699610",7425
"507",2020-07-05,8000,"ID113915417634427",13325
"508",2020-07-17,8900,"ID113915417634427",13325
"509",2020-08-01,12900,"ID113915417634427",13325
"510",2021-08-03,14300,"ID113915417634427",13325
"511",2022-08-04,15000,"ID113915417634427",13325
"512",2022-08-16,15600,"ID113915417634427",13325
"513",2023-07-29,15700,"ID113915417634427",13325
"514",2023-08-17,16200,"ID113915417634427",13325
"515",2020-07-05,135300,"ID113919712601455",146933.333333333
"516",2020-08-23,135900,"ID113919712601455",146933.333333333
"517",2021-08-06,146400,"ID113919712601455",146933.333333333
"518",2024-07-06,153100,"ID113919712601455",146933.333333333
"519",2024-07-26,154300,"ID113919712601455",146933.333333333
"520",2024-07-30,156600,"ID113919712601455",146933.333333333
"521",2020-07-05,21700,"ID114009906914959",30569.2307692308
"522",2020-07-17,23600,"ID114009906914959",30569.2307692308
"523",2020-08-23,25100,"ID114009906914959",30569.2307692308
"524",2021-07-17,26600,"ID114009906914959",30569.2307692308
"525",2021-08-03,27300,"ID114009906914959",30569.2307692308
"526",2021-08-06,28700,"ID114009906914959",30569.2307692308
"527",2022-07-17,28800,"ID114009906914959",30569.2307692308
"528",2022-08-16,29000,"ID114009906914959",30569.2307692308
"529",2022-09-02,31400,"ID114009906914959",30569.2307692308
"530",2023-07-09,38800,"ID114009906914959",30569.2307692308
"531",2023-07-29,38800,"ID114009906914959",30569.2307692308
"532",2023-09-07,38800,"ID114009906914959",30569.2307692308
"533",2024-07-08,38800,"ID114009906914959",30569.2307692308
"534",2020-07-17,11200,"ID114022791816623",17400
"535",2020-08-23,13100,"ID114022791816623",17400
"536",2020-09-09,15000,"ID114022791816623",17400
"537",2021-07-17,20900,"ID114022791816623",17400
"538",2021-08-06,20900,"ID114022791816623",17400
"539",2022-07-14,23300,"ID114022791816623",17400
"540",2020-07-05,392000,"ID114082921358707",392700
"541",2020-07-17,392100,"ID114082921358707",392700
"542",2020-08-01,392200,"ID114082921358707",392700
"543",2021-09-22,392700,"ID114082921358707",392700
"544",2022-07-14,393000,"ID114082921358707",392700
"545",2022-07-17,393000,"ID114082921358707",392700
"546",2023-07-05,393000,"ID114082921358707",392700
"547",2023-07-26,393000,"ID114082921358707",392700
"548",2023-08-20,393000,"ID114082921358707",392700
"549",2024-07-30,393000,"ID114082921358707",392700
"550",2020-07-05,55600,"ID114186000573901",59325
"551",2020-08-01,57000,"ID114186000573901",59325
"552",2021-07-17,60100,"ID114186000573901",59325
"553",2022-07-14,60300,"ID114186000573901",59325
"554",2022-07-17,60400,"ID114186000573901",59325
"555",2023-07-05,60400,"ID114186000573901",59325
"556",2023-07-26,60400,"ID114186000573901",59325
"557",2023-09-07,60400,"ID114186000573901",59325
"558",2020-07-06,10100,"ID114203180441595",18083.3333333333
"559",2020-07-17,13100,"ID114203180441595",18083.3333333333
"560",2020-08-13,14600,"ID114203180441595",18083.3333333333
"561",2020-09-09,18100,"ID114203180441595",18083.3333333333
"562",2022-07-12,26300,"ID114203180441595",18083.3333333333
"563",2024-08-05,26300,"ID114203180441595",18083.3333333333
"564",2020-07-06,23900,"ID114211770376174",28933.3333333333
"565",2021-07-17,29700,"ID114211770376174",28933.3333333333
"566",2021-07-22,29700,"ID114211770376174",28933.3333333333
"567",2022-07-12,30100,"ID114211770376174",28933.3333333333
"568",2022-07-18,30100,"ID114211770376174",28933.3333333333
"569",2022-09-02,30100,"ID114211770376174",28933.3333333333
"570",2020-07-05,52600,"ID114250425083376",57454.5454545455
"571",2020-07-17,53800,"ID114250425083376",57454.5454545455
"572",2020-08-01,55100,"ID114250425083376",57454.5454545455
"573",2021-07-17,55100,"ID114250425083376",57454.5454545455
"574",2021-09-22,56000,"ID114250425083376",57454.5454545455
"575",2022-07-17,59900,"ID114250425083376",57454.5454545455
"576",2022-09-02,59900,"ID114250425083376",57454.5454545455
"577",2023-07-05,59900,"ID114250425083376",57454.5454545455
"578",2023-07-26,59900,"ID114250425083376",57454.5454545455
"579",2023-08-20,59900,"ID114250425083376",57454.5454545455
"580",2023-09-07,59900,"ID114250425083376",57454.5454545455
"581",2021-07-17,6100,"ID114353504297078",9840
"582",2021-08-03,8800,"ID114353504297078",9840
"583",2022-08-04,9800,"ID114353504297078",9840
"584",2022-09-02,10600,"ID114353504297078",9840
"585",2023-08-17,13900,"ID114353504297078",9840
"586",2020-07-05,23100,"ID118072945975429",36706.25
"587",2020-08-13,25700,"ID118072945975429",36706.25
"588",2020-09-09,28800,"ID118072945975429",36706.25
"589",2021-07-17,33100,"ID118072945975429",36706.25
"590",2021-07-22,34000,"ID118072945975429",36706.25
"591",2022-07-12,34600,"ID118072945975429",36706.25
"592",2022-09-02,40800,"ID118072945975429",36706.25
"593",2023-07-09,40800,"ID118072945975429",36706.25
"594",2023-07-27,40800,"ID118072945975429",36706.25
"595",2023-07-29,40800,"ID118072945975429",36706.25
"596",2023-08-08,40800,"ID118072945975429",36706.25
"597",2023-08-17,40800,"ID118072945975429",36706.25
"598",2024-07-06,40800,"ID118072945975429",36706.25
"599",2024-07-26,40800,"ID118072945975429",36706.25
"600",2024-08-14,40800,"ID118072945975429",36706.25
"601",2024-08-20,40800,"ID118072945975429",36706.25
"602",2020-07-05,21000,"ID96374771194204",28083.3333333333
"603",2020-08-01,24500,"ID96374771194204",28083.3333333333
"604",2020-08-15,25200,"ID96374771194204",28083.3333333333
"605",2021-07-28,32600,"ID96374771194204",28083.3333333333
"606",2022-08-18,32600,"ID96374771194204",28083.3333333333
"607",2023-07-31,32600,"ID96374771194204",28083.3333333333
"608",2020-07-17,16600,"ID114276194887093",17350
"609",2022-07-14,17100,"ID114276194887093",17350
"610",2022-07-17,17600,"ID114276194887093",17350
"611",2023-08-20,17600,"ID114276194887093",17350
"612",2024-07-06,17600,"ID114276194887093",17350
"613",2024-07-08,17600,"ID114276194887093",17350
"614",2020-07-05,22300,"ID114439403644559",31014.2857142857
"615",2020-08-23,23300,"ID114439403644559",31014.2857142857
"616",2020-09-09,27800,"ID114439403644559",31014.2857142857
"617",2021-08-03,29000,"ID114439403644559",31014.2857142857
"618",2022-08-04,31300,"ID114439403644559",31014.2857142857
"619",2022-09-02,41700,"ID114439403644559",31014.2857142857
"620",2023-09-07,41700,"ID114439403644559",31014.2857142857
"621",2020-07-05,8400,"ID114469468415427",15314.2857142857
"622",2021-07-17,12300,"ID114469468415427",15314.2857142857
"623",2021-08-06,12700,"ID114469468415427",15314.2857142857
"624",2021-09-22,15100,"ID114469468415427",15314.2857142857
"625",2022-07-14,15900,"ID114469468415427",15314.2857142857
"626",2022-07-17,21400,"ID114469468415427",15314.2857142857
"627",2023-07-09,21400,"ID114469468415427",15314.2857142857
"628",2020-07-05,12000,"ID114602612401574",23162.5
"629",2020-08-13,13000,"ID114602612401574",23162.5
"630",2020-08-23,14700,"ID114602612401574",23162.5
"631",2020-09-09,21400,"ID114602612401574",23162.5
"632",2021-07-17,30500,"ID114602612401574",23162.5
"633",2024-07-26,30700,"ID114602612401574",23162.5
"634",2024-08-05,31200,"ID114602612401574",23162.5
"635",2024-08-14,31800,"ID114602612401574",23162.5
"636",2021-07-17,8700,"ID114744346322427",13325
"637",2021-08-03,10600,"ID114744346322427",13325
"638",2021-08-06,11700,"ID114744346322427",13325
"639",2022-07-14,13100,"ID114744346322427",13325
"640",2022-08-04,15000,"ID114744346322427",13325
"641",2022-08-16,15000,"ID114744346322427",13325
"642",2022-09-02,15600,"ID114744346322427",13325
"643",2023-07-05,16900,"ID114744346322427",13325
"644",2020-07-05,740100,"ID114778706060662",764080
"645",2020-07-17,746800,"ID114778706060662",764080
"646",2020-08-01,757500,"ID114778706060662",764080
"647",2020-08-13,786400,"ID114778706060662",764080
"648",2020-08-23,789600,"ID114778706060662",764080
"649",2020-08-01,13800,"ID114881785275901",15666.6666666667
"650",2021-07-17,14300,"ID114881785275901",15666.6666666667
"651",2021-08-03,14300,"ID114881785275901",15666.6666666667
"652",2022-07-14,16200,"ID114881785275901",15666.6666666667
"653",2022-09-02,17000,"ID114881785275901",15666.6666666667
"654",2023-07-05,18400,"ID114881785275901",15666.6666666667
"655",2020-07-05,31800,"ID114890375210350",33785.7142857143
"656",2020-07-17,32700,"ID114890375210350",33785.7142857143
"657",2020-08-13,33200,"ID114890375210350",33785.7142857143
"658",2020-08-23,33300,"ID114890375210350",33785.7142857143
"659",2020-09-09,34300,"ID114890375210350",33785.7142857143
"660",2022-07-14,35000,"ID114890375210350",33785.7142857143
"661",2023-07-05,36200,"ID114890375210350",33785.7142857143
"662",2020-08-23,12500,"ID114916145014373",17566.6666666667
"663",2021-08-03,14000,"ID114916145014373",17566.6666666667
"664",2022-07-14,16900,"ID114916145014373",17566.6666666667
"665",2022-07-17,18400,"ID114916145014373",17566.6666666667
"666",2022-09-02,21600,"ID114916145014373",17566.6666666667
"667",2024-07-26,22000,"ID114916145014373",17566.6666666667
"668",2020-09-09,10300,"ID114954799720039",13820
"669",2021-07-17,12700,"ID114954799720039",13820
"670",2023-08-08,12700,"ID114954799720039",13820
"671",2023-08-17,13700,"ID114954799720039",13820
"672",2024-07-06,13800,"ID114954799720039",13820
"673",2024-07-08,14200,"ID114954799720039",13820
"674",2024-07-26,14700,"ID114954799720039",13820
"675",2024-07-30,15000,"ID114954799720039",13820
"676",2024-08-05,15500,"ID114954799720039",13820
"677",2024-08-14,15600,"ID114954799720039",13820
"678",2020-07-05,5100,"ID114997749392672",6842.85714285714
"679",2020-08-01,6100,"ID114997749392672",6842.85714285714
"680",2022-08-04,6600,"ID114997749392672",6842.85714285714
"681",2022-09-02,7100,"ID114997749392672",6842.85714285714
"682",2023-09-07,7600,"ID114997749392672",6842.85714285714
"683",2024-07-26,7700,"ID114997749392672",6842.85714285714
"684",2024-08-05,7700,"ID114997749392672",6842.85714285714
"685",2020-08-13,13900,"ID115109418542579",21220
"686",2020-08-23,18100,"ID115109418542579",21220
"687",2021-08-03,21500,"ID115109418542579",21220
"688",2023-07-05,25800,"ID115109418542579",21220
"689",2023-07-09,26800,"ID115109418542579",21220
"690",2020-07-05,7000,"ID115139483313780",10000
"691",2022-08-16,7800,"ID115139483313780",10000
"692",2023-07-26,11000,"ID115139483313780",10000
"693",2023-08-08,11200,"ID115139483313780",10000
"694",2023-09-07,13000,"ID115139483313780",10000
"695",2020-07-05,30700,"ID115199612855781",32200
"696",2021-07-17,31600,"ID115199612855781",32200
"697",2021-08-06,31700,"ID115199612855781",32200
"698",2022-07-17,32600,"ID115199612855781",32200
"699",2023-09-07,34400,"ID115199612855781",32200
"700",2020-09-09,11600,"ID115199612855882",19100
"701",2021-08-06,15700,"ID115199612855882",19100
"702",2022-07-14,20000,"ID115199612855882",19100
"703",2022-09-02,23500,"ID115199612855882",19100
"704",2023-07-09,24700,"ID115199612855882",19100
"705",2020-08-23,12500,"ID115212497757637",15950
"706",2022-07-14,14400,"ID115212497757637",15950
"707",2022-09-02,16800,"ID115212497757637",15950
"708",2024-07-26,16900,"ID115212497757637",15950
"709",2024-07-30,16900,"ID115212497757637",15950
"710",2024-08-14,18200,"ID115212497757637",15950
"711",2021-07-17,8400,"ID115212497757655",10444.4444444444
"712",2021-08-03,9500,"ID115212497757655",10444.4444444444
"713",2022-08-04,10100,"ID115212497757655",10444.4444444444
"714",2022-08-16,10300,"ID115212497757655",10444.4444444444
"715",2022-09-02,10600,"ID115212497757655",10444.4444444444
"716",2023-07-26,11000,"ID115212497757655",10444.4444444444
"717",2023-08-17,11000,"ID115212497757655",10444.4444444444
"718",2023-09-07,11300,"ID115212497757655",10444.4444444444
"719",2024-07-06,11800,"ID115212497757655",10444.4444444444
"720",2020-09-09,9600,"ID115212497757736",12390.9090909091
"721",2021-07-17,11000,"ID115212497757736",12390.9090909091
"722",2021-08-03,11100,"ID115212497757736",12390.9090909091
"723",2021-08-06,11400,"ID115212497757736",12390.9090909091
"724",2021-09-22,12100,"ID115212497757736",12390.9090909091
"725",2022-07-17,12300,"ID115212497757736",12390.9090909091
"726",2022-08-04,12400,"ID115212497757736",12390.9090909091
"727",2022-08-16,13300,"ID115212497757736",12390.9090909091
"728",2022-09-02,13700,"ID115212497757736",12390.9090909091
"729",2023-08-17,13900,"ID115212497757736",12390.9090909091
"730",2023-09-07,15500,"ID115212497757736",12390.9090909091
"731",2020-07-05,22300,"ID115294102136346",28577.7777777778
"732",2020-07-17,22900,"ID115294102136346",28577.7777777778
"733",2020-08-13,25200,"ID115294102136346",28577.7777777778
"734",2020-08-23,26000,"ID115294102136346",28577.7777777778
"735",2020-09-09,29800,"ID115294102136346",28577.7777777778
"736",2021-07-17,31700,"ID115294102136346",28577.7777777778
"737",2022-07-14,31700,"ID115294102136346",28577.7777777778
"738",2022-08-04,33700,"ID115294102136346",28577.7777777778
"739",2022-09-02,33900,"ID115294102136346",28577.7777777778
"740",2020-07-17,7300,"ID115306987038212",12275
"741",2020-08-01,9900,"ID115306987038212",12275
"742",2020-08-13,10200,"ID115306987038212",12275
"743",2020-09-09,11100,"ID115306987038212",12275
"744",2021-07-17,12200,"ID115306987038212",12275
"745",2021-08-03,15700,"ID115306987038212",12275
"746",2023-07-09,15900,"ID115306987038212",12275
"747",2023-08-17,15900,"ID115306987038212",12275
"748",2020-07-05,12400,"ID115328461874747",15716.6666666667
"749",2020-07-17,14900,"ID115328461874747",15716.6666666667
"750",2020-08-23,15500,"ID115328461874747",15716.6666666667
"751",2022-07-14,16200,"ID115328461874747",15716.6666666667
"752",2022-07-17,16900,"ID115328461874747",15716.6666666667
"753",2023-07-05,18400,"ID115328461874747",15716.6666666667
"754",2020-09-09,9000,"ID115461605860980",13877.7777777778
"755",2021-07-17,11500,"ID115461605860980",13877.7777777778
"756",2022-07-14,13000,"ID115461605860980",13877.7777777778
"757",2022-08-04,13600,"ID115461605860980",13877.7777777778
"758",2022-08-16,13900,"ID115461605860980",13877.7777777778
"759",2023-07-26,15300,"ID115461605860980",13877.7777777778
"760",2023-08-17,15500,"ID115461605860980",13877.7777777778
"761",2023-08-20,16500,"ID115461605860980",13877.7777777778
"762",2024-07-06,16600,"ID115461605860980",13877.7777777778
"763",2020-07-05,754000,"ID115607634748874",767183.333333333
"764",2020-08-01,758300,"ID115607634748874",767183.333333333
"765",2020-09-09,762800,"ID115607634748874",767183.333333333
"766",2021-07-17,774900,"ID115607634748874",767183.333333333
"767",2022-07-14,776300,"ID115607634748874",767183.333333333
"768",2023-07-05,776800,"ID115607634748874",767183.333333333
"769",2020-07-05,20000,"ID115736483767845",25420
"770",2020-08-01,22100,"ID115736483767845",25420
"771",2021-07-17,26700,"ID115736483767845",25420
"772",2021-08-06,28600,"ID115736483767845",25420
"773",2022-07-17,29700,"ID115736483767845",25420
"774",2020-07-05,8800,"ID115826678081029",12683.3333333333
"775",2020-08-13,9200,"ID115826678081029",12683.3333333333
"776",2021-07-17,12100,"ID115826678081029",12683.3333333333
"777",2023-07-05,14600,"ID115826678081029",12683.3333333333
"778",2023-08-17,15700,"ID115826678081029",12683.3333333333
"779",2023-08-20,15700,"ID115826678081029",12683.3333333333
"780",2020-07-05,59200,"ID115977001936433",116013.333333333
"781",2020-07-17,64900,"ID115977001936433",116013.333333333
"782",2020-08-01,72300,"ID115977001936433",116013.333333333
"783",2020-08-13,97100,"ID115977001936433",116013.333333333
"784",2020-08-23,106300,"ID115977001936433",116013.333333333
"785",2021-07-17,116900,"ID115977001936433",116013.333333333
"786",2021-08-03,117400,"ID115977001936433",116013.333333333
"787",2021-08-06,129800,"ID115977001936433",116013.333333333
"788",2021-09-22,132100,"ID115977001936433",116013.333333333
"789",2022-07-14,133300,"ID115977001936433",116013.333333333
"790",2022-07-17,135400,"ID115977001936433",116013.333333333
"791",2023-07-09,142000,"ID115977001936433",116013.333333333
"792",2023-07-29,143900,"ID115977001936433",116013.333333333
"793",2023-08-08,144300,"ID115977001936433",116013.333333333
"794",2023-08-17,145300,"ID115977001936433",116013.333333333
"795",2021-08-03,6500,"ID115981296903761",10800
"796",2021-09-22,6500,"ID115981296903761",10800
"797",2022-07-17,7700,"ID115981296903761",10800
"798",2022-08-04,8600,"ID115981296903761",10800
"799",2022-08-16,9000,"ID115981296903761",10800
"800",2022-09-02,9300,"ID115981296903761",10800
"801",2023-07-09,10300,"ID115981296903761",10800
"802",2023-07-26,10400,"ID115981296903761",10800
"803",2023-08-08,10900,"ID115981296903761",10800
"804",2023-08-17,11300,"ID115981296903761",10800
"805",2023-08-20,11800,"ID115981296903761",10800
"806",2024-07-06,13500,"ID115981296903761",10800
"807",2024-07-26,13800,"ID115981296903761",10800
"808",2024-07-30,13900,"ID115981296903761",10800
"809",2024-08-05,14300,"ID115981296903761",10800
"810",2024-08-14,15000,"ID115981296903761",10800
"811",2020-07-05,15300,"ID116007066707415",17300
"812",2020-08-01,16200,"ID116007066707415",17300
"813",2022-08-16,16500,"ID116007066707415",17300
"814",2022-09-02,16800,"ID116007066707415",17300
"815",2023-07-26,17800,"ID116007066707415",17300
"816",2023-08-08,17900,"ID116007066707415",17300
"817",2023-08-17,18200,"ID116007066707415",17300
"818",2024-07-26,18400,"ID116007066707415",17300
"819",2024-08-05,18600,"ID116007066707415",17300
"820",2021-07-17,18000,"ID116028541544147",19640
"821",2022-07-14,18700,"ID116028541544147",19640
"822",2022-08-04,19200,"ID116028541544147",19640
"823",2022-08-16,20200,"ID116028541544147",19640
"824",2023-09-07,22100,"ID116028541544147",19640
"825",2020-08-23,15000,"ID116092966053518",16716.6666666667
"826",2022-09-02,15700,"ID116092966053518",16716.6666666667
"827",2023-07-26,16400,"ID116092966053518",16716.6666666667
"828",2023-08-17,16400,"ID116092966053518",16716.6666666667
"829",2024-07-06,17900,"ID116092966053518",16716.6666666667
"830",2024-07-26,18900,"ID116092966053518",16716.6666666667
"831",2020-07-05,199700,"ID116127325791704",208883.333333333
"832",2020-07-17,204200,"ID116127325791704",208883.333333333
"833",2020-08-01,205200,"ID116127325791704",208883.333333333
"834",2020-08-23,211400,"ID116127325791704",208883.333333333
"835",2022-07-14,216200,"ID116127325791704",208883.333333333
"836",2023-07-05,216600,"ID116127325791704",208883.333333333
"837",2020-07-05,9100,"ID116217520104979",19700
"838",2020-07-17,10000,"ID116217520104979",19700
"839",2020-08-23,15000,"ID116217520104979",19700
"840",2020-09-09,17200,"ID116217520104979",19700
"841",2021-08-03,20600,"ID116217520104979",19700
"842",2021-09-22,21400,"ID116217520104979",19700
"843",2022-07-14,22100,"ID116217520104979",19700
"844",2022-08-04,22500,"ID116217520104979",19700
"845",2022-08-16,22700,"ID116217520104979",19700
"846",2022-09-02,22700,"ID116217520104979",19700
"847",2023-07-05,22700,"ID116217520104979",19700
"848",2023-07-26,23100,"ID116217520104979",19700
"849",2023-08-17,23200,"ID116217520104979",19700
"850",2023-09-07,23500,"ID116217520104979",19700
"851",2020-07-05,11600,"ID116286239581786",14155.5555555556
"852",2020-07-17,13300,"ID116286239581786",14155.5555555556
"853",2020-08-13,13600,"ID116286239581786",14155.5555555556
"854",2020-08-23,13800,"ID116286239581786",14155.5555555556
"855",2021-08-06,14200,"ID116286239581786",14155.5555555556
"856",2021-09-22,14400,"ID116286239581786",14155.5555555556
"857",2022-08-16,14400,"ID116286239581786",14155.5555555556
"858",2023-07-09,15600,"ID116286239581786",14155.5555555556
"859",2024-07-06,16500,"ID116286239581786",14155.5555555556
"860",2020-07-05,10000,"ID116312009385595",21625
"861",2020-07-17,11900,"ID116312009385595",21625
"862",2020-08-01,13000,"ID116312009385595",21625
"863",2020-08-13,14300,"ID116312009385595",21625
"864",2020-08-23,17800,"ID116312009385595",21625
"865",2021-07-17,22400,"ID116312009385595",21625
"866",2021-08-03,24900,"ID116312009385595",21625
"867",2021-08-06,26800,"ID116312009385595",21625
"868",2024-07-06,29600,"ID116312009385595",21625
"869",2024-07-26,29600,"ID116312009385595",21625
"870",2024-07-30,29600,"ID116312009385595",21625
"871",2024-08-05,29600,"ID116312009385595",21625
"872",2020-08-23,6300,"ID116354959058476",12300
"873",2021-09-22,9400,"ID116354959058476",12300
"874",2022-07-14,11900,"ID116354959058476",12300
"875",2022-08-16,13300,"ID116354959058476",12300
"876",2022-09-02,14500,"ID116354959058476",12300
"877",2023-07-05,14500,"ID116354959058476",12300
"878",2024-07-06,16200,"ID116354959058476",12300
"879",2020-09-09,27600,"ID116427973502685",38885.7142857143
"880",2021-07-17,34700,"ID116427973502685",38885.7142857143
"881",2021-08-03,36000,"ID116427973502685",38885.7142857143
"882",2021-08-06,37700,"ID116427973502685",38885.7142857143
"883",2021-09-22,41900,"ID116427973502685",38885.7142857143
"884",2022-09-02,46600,"ID116427973502685",38885.7142857143
"885",2023-09-07,47700,"ID116427973502685",38885.7142857143
"886",2020-08-13,15900,"ID116440858404476",21750
"887",2020-08-23,17800,"ID116440858404476",21750
"888",2020-09-09,18600,"ID116440858404476",21750
"889",2021-07-17,25000,"ID116440858404476",21750
"890",2022-07-14,26200,"ID116440858404476",21750
"891",2022-07-17,27000,"ID116440858404476",21750
"892",2020-07-17,17000,"ID116621247030817",23366.6666666667
"893",2020-08-23,21800,"ID116621247030817",23366.6666666667
"894",2021-08-03,23700,"ID116621247030817",23366.6666666667
"895",2022-07-17,24500,"ID116621247030817",23366.6666666667
"896",2023-07-05,26100,"ID116621247030817",23366.6666666667
"897",2023-09-07,27100,"ID116621247030817",23366.6666666667
"898",2020-07-05,25000,"ID116793045722947",45275
"899",2020-08-13,36300,"ID116793045722947",45275
"900",2020-08-23,36800,"ID116793045722947",45275
"901",2021-07-17,40400,"ID116793045722947",45275
"902",2022-07-17,42200,"ID116793045722947",45275
"903",2022-08-04,45500,"ID116793045722947",45275
"904",2022-08-16,52200,"ID116793045722947",45275
"905",2022-09-02,52600,"ID116793045722947",45275
"906",2023-07-26,52700,"ID116793045722947",45275
"907",2023-08-17,53200,"ID116793045722947",45275
"908",2024-08-05,53200,"ID116793045722947",45275
"909",2024-08-14,53200,"ID116793045722947",45275
"910",2020-07-05,25000,"ID116900419905137",29328.5714285714
"911",2020-08-23,28600,"ID116900419905137",29328.5714285714
"912",2020-09-09,29100,"ID116900419905137",29328.5714285714
"913",2021-08-03,29200,"ID116900419905137",29328.5714285714
"914",2021-08-06,30300,"ID116900419905137",29328.5714285714
"915",2021-09-22,30600,"ID116900419905137",29328.5714285714
"916",2022-09-02,32500,"ID116900419905137",29328.5714285714
"917",2020-07-05,7900,"ID116930484676390",12311.1111111111
"918",2020-07-17,9900,"ID116930484676390",12311.1111111111
"919",2020-08-13,10100,"ID116930484676390",12311.1111111111
"920",2020-09-09,11100,"ID116930484676390",12311.1111111111
"921",2021-07-17,13600,"ID116930484676390",12311.1111111111
"922",2021-08-03,14100,"ID116930484676390",12311.1111111111
"923",2022-07-14,14300,"ID116930484676390",12311.1111111111
"924",2023-07-05,14400,"ID116930484676390",12311.1111111111
"925",2023-09-07,15400,"ID116930484676390",12311.1111111111
"926",2020-07-17,5600,"ID116973434349062",8740
"927",2020-08-01,5700,"ID116973434349062",8740
"928",2023-07-09,8200,"ID116973434349062",8740
"929",2023-07-26,11600,"ID116973434349062",8740
"930",2023-09-07,12600,"ID116973434349062",8740
"931",2020-08-13,15400,"ID117007794087591",20162.5
"932",2021-08-03,17300,"ID117007794087591",20162.5
"933",2021-09-22,17400,"ID117007794087591",20162.5
"934",2022-08-04,18800,"ID117007794087591",20162.5
"935",2022-08-16,19300,"ID117007794087591",20162.5
"936",2022-09-02,21100,"ID117007794087591",20162.5
"937",2023-08-17,26000,"ID117007794087591",20162.5
"938",2023-08-20,26000,"ID117007794087591",20162.5
"939",2020-07-05,20300,"ID117067923629549",27966.6666666667
"940",2020-07-17,24600,"ID117067923629549",27966.6666666667
"941",2020-08-23,24900,"ID117067923629549",27966.6666666667
"942",2020-09-09,28300,"ID117067923629549",27966.6666666667
"943",2021-08-03,29000,"ID117067923629549",27966.6666666667
"944",2021-08-06,29500,"ID117067923629549",27966.6666666667
"945",2021-09-22,29900,"ID117067923629549",27966.6666666667
"946",2022-09-02,32600,"ID117067923629549",27966.6666666667
"947",2023-07-05,32600,"ID117067923629549",27966.6666666667
"948",2020-07-05,15100,"ID117080808531721",29000
"949",2020-08-01,22400,"ID117080808531721",29000
"950",2020-08-13,24500,"ID117080808531721",29000
"951",2020-09-09,26500,"ID117080808531721",29000
"952",2021-07-17,29400,"ID117080808531721",29000
"953",2021-08-03,29800,"ID117080808531721",29000
"954",2021-09-22,30000,"ID117080808531721",29000
"955",2022-07-14,30100,"ID117080808531721",29000
"956",2022-07-17,30400,"ID117080808531721",29000
"957",2022-08-04,31000,"ID117080808531721",29000
"958",2022-08-16,31900,"ID117080808531721",29000
"959",2023-07-26,33000,"ID117080808531721",29000
"960",2023-08-17,33900,"ID117080808531721",29000
"961",2023-09-07,38000,"ID117080808531721",29000
"962",2020-08-13,13400,"ID117093693433375",18700
"963",2020-08-23,13700,"ID117093693433375",18700
"964",2020-09-09,15000,"ID117093693433375",18700
"965",2021-07-17,15200,"ID117093693433375",18700
"966",2021-08-03,18000,"ID117093693433375",18700
"967",2021-08-06,18300,"ID117093693433375",18700
"968",2021-09-22,19200,"ID117093693433375",18700
"969",2022-07-14,21900,"ID117093693433375",18700
"970",2022-09-02,22500,"ID117093693433375",18700
"971",2023-08-20,22700,"ID117093693433375",18700
"972",2023-09-07,25800,"ID117093693433375",18700
"973",2020-07-05,26200,"ID117102283367910",39350
"974",2020-08-23,31300,"ID117102283367910",39350
"975",2021-07-17,38700,"ID117102283367910",39350
"976",2021-08-03,44100,"ID117102283367910",39350
"977",2021-08-06,44300,"ID117102283367910",39350
"978",2022-07-17,51500,"ID117102283367910",39350
"979",2020-08-13,6300,"ID117102283368137",12870
"980",2020-08-23,7900,"ID117102283368137",12870
"981",2020-09-09,10000,"ID117102283368137",12870
"982",2021-07-17,11600,"ID117102283368137",12870
"983",2021-08-03,13700,"ID117102283368137",12870
"984",2021-09-22,13800,"ID117102283368137",12870
"985",2022-07-14,14500,"ID117102283368137",12870
"986",2022-07-17,14900,"ID117102283368137",12870
"987",2022-08-04,16000,"ID117102283368137",12870
"988",2022-09-02,20000,"ID117102283368137",12870
"989",2020-08-13,3800,"ID117188182713276",6850
"990",2020-09-09,4600,"ID117188182713276",6850
"991",2021-08-06,6600,"ID117188182713276",6850
"992",2022-07-14,8000,"ID117188182713276",6850
"993",2024-07-26,8700,"ID117188182713276",6850
"994",2024-07-30,9400,"ID117188182713276",6850
"995",2020-07-05,17100,"ID117239722321431",19320
"996",2020-07-17,18000,"ID117239722321431",19320
"997",2020-08-01,18800,"ID117239722321431",19320
"998",2022-07-14,20000,"ID117239722321431",19320
"999",2022-07-17,22700,"ID117239722321431",19320
"1000",2020-07-05,30400,"ID117252607223326",36166.6666666667
"1001",2020-09-09,30500,"ID117252607223326",36166.6666666667
"1002",2021-07-17,31800,"ID117252607223326",36166.6666666667
"1003",2022-08-04,38800,"ID117252607223326",36166.6666666667
"1004",2024-07-06,38800,"ID117252607223326",36166.6666666667
"1005",2024-07-08,38800,"ID117252607223326",36166.6666666667
"1006",2024-07-26,38800,"ID117252607223326",36166.6666666667
"1007",2024-08-05,38800,"ID117252607223326",36166.6666666667
"1008",2024-08-14,38800,"ID117252607223326",36166.6666666667
"1009",2020-08-23,11900,"ID117278377027103",20525
"1010",2021-09-22,13900,"ID117278377027103",20525
"1011",2022-07-17,18100,"ID117278377027103",20525
"1012",2022-08-16,20900,"ID117278377027103",20525
"1013",2022-09-02,22900,"ID117278377027103",20525
"1014",2023-07-09,23700,"ID117278377027103",20525
"1015",2023-07-29,23800,"ID117278377027103",20525
"1016",2023-09-07,29000,"ID117278377027103",20525
"1017",2020-07-05,19900,"ID117282671994081",25300
"1018",2020-07-17,22500,"ID117282671994081",25300
"1019",2020-08-01,23900,"ID117282671994081",25300
"1020",2022-09-02,24300,"ID117282671994081",25300
"1021",2023-08-08,24500,"ID117282671994081",25300
"1022",2023-08-17,25700,"ID117282671994081",25300
"1023",2024-07-06,26200,"ID117282671994081",25300
"1024",2024-07-08,26900,"ID117282671994081",25300
"1025",2024-07-30,27300,"ID117282671994081",25300
"1026",2024-08-05,27900,"ID117282671994081",25300
"1027",2024-08-14,29200,"ID117282671994081",25300
"1028",2020-07-05,8400,"ID117317031732895",9600
"1029",2020-09-09,8900,"ID117317031732895",9600
"1030",2021-07-17,9700,"ID117317031732895",9600
"1031",2021-08-03,9800,"ID117317031732895",9600
"1032",2022-07-14,11200,"ID117317031732895",9600
"1033",2020-07-05,11700,"ID117347096503662",13820
"1034",2020-07-17,12400,"ID117347096503662",13820
"1035",2020-09-09,13600,"ID117347096503662",13820
"1036",2022-08-16,15700,"ID117347096503662",13820
"1037",2022-09-02,15700,"ID117347096503662",13820
"1038",2020-08-01,16200,"ID117359981405098",19040
"1039",2020-09-09,17300,"ID117359981405098",19040
"1040",2021-07-17,20100,"ID117359981405098",19040
"1041",2022-08-04,20700,"ID117359981405098",19040
"1042",2023-08-17,20900,"ID117359981405098",19040
"1043",2020-07-05,9300,"ID117364276373129",12678.5714285714
"1044",2020-08-13,9300,"ID117364276373129",12678.5714285714
"1045",2020-08-23,10400,"ID117364276373129",12678.5714285714
"1046",2020-09-09,11000,"ID117364276373129",12678.5714285714
"1047",2021-08-03,11800,"ID117364276373129",12678.5714285714
"1048",2021-09-22,11800,"ID117364276373129",12678.5714285714
"1049",2022-08-04,12100,"ID117364276373129",12678.5714285714
"1050",2022-08-16,12700,"ID117364276373129",12678.5714285714
"1051",2022-09-02,13400,"ID117364276373129",12678.5714285714
"1052",2023-07-26,14200,"ID117364276373129",12678.5714285714
"1053",2023-08-17,14300,"ID117364276373129",12678.5714285714
"1054",2023-08-20,15600,"ID117364276373129",12678.5714285714
"1055",2024-07-26,15600,"ID117364276373129",12678.5714285714
"1056",2024-07-30,16000,"ID117364276373129",12678.5714285714
"1057",2020-09-09,9900,"ID117402931078140",13900
"1058",2022-07-17,12400,"ID117402931078140",13900
"1059",2023-08-17,14400,"ID117402931078140",13900
"1060",2023-09-07,14800,"ID117402931078140",13900
"1061",2024-07-26,15100,"ID117402931078140",13900
"1062",2024-08-14,16800,"ID117402931078140",13900
"1063",2020-09-09,5600,"ID117415815979948",9020
"1064",2022-08-16,7900,"ID117415815979948",9020
"1065",2022-09-02,10200,"ID117415815979948",9020
"1066",2023-07-26,10600,"ID117415815979948",9020
"1067",2024-08-14,10800,"ID117415815979948",9020
"1068",2020-08-13,4600,"ID117488830424059",5820
"1069",2020-08-23,5000,"ID117488830424059",5820
"1070",2020-09-09,5300,"ID117488830424059",5820
"1071",2021-07-17,7100,"ID117488830424059",5820
"1072",2021-08-06,7100,"ID117488830424059",5820
"1073",2020-07-05,10500,"ID117501715326373",18337.5
"1074",2022-07-14,14500,"ID117501715326373",18337.5
"1075",2022-09-02,14700,"ID117501715326373",18337.5
"1076",2023-07-05,21400,"ID117501715326373",18337.5
"1077",2023-07-26,21400,"ID117501715326373",18337.5
"1078",2023-08-20,21400,"ID117501715326373",18337.5
"1079",2023-09-07,21400,"ID117501715326373",18337.5
"1080",2024-07-30,21400,"ID117501715326373",18337.5
"1081",2020-09-09,8300,"ID117518895195757",15900
"1082",2021-08-06,12400,"ID117518895195757",15900
"1083",2021-09-22,14400,"ID117518895195757",15900
"1084",2022-07-17,15400,"ID117518895195757",15900
"1085",2022-08-04,17500,"ID117518895195757",15900
"1086",2022-09-02,21300,"ID117518895195757",15900
"1087",2024-07-06,22000,"ID117518895195757",15900
"1088",2020-07-05,28100,"ID117729348593143",40720
"1089",2021-09-22,33100,"ID117729348593143",40720
"1090",2023-08-08,43500,"ID117729348593143",40720
"1091",2024-07-26,48500,"ID117729348593143",40720
"1092",2024-07-30,50400,"ID117729348593143",40720
"1093",2020-07-05,12700,"ID117914032186899",15440
"1094",2020-08-13,12700,"ID117914032186899",15440
"1095",2021-08-03,13200,"ID117914032186899",15440
"1096",2021-09-22,13400,"ID117914032186899",15440
"1097",2022-07-14,13800,"ID117914032186899",15440
"1098",2022-07-17,15900,"ID117914032186899",15440
"1099",2022-09-02,16500,"ID117914032186899",15440
"1100",2023-07-09,18400,"ID117914032186899",15440
"1101",2024-07-06,18800,"ID117914032186899",15440
"1102",2024-07-08,19000,"ID117914032186899",15440
"1103",2020-08-23,15100,"ID117948391925504",20585.7142857143
"1104",2020-09-09,16000,"ID117948391925504",20585.7142857143
"1105",2021-08-03,16700,"ID117948391925504",20585.7142857143
"1106",2021-09-22,19900,"ID117948391925504",20585.7142857143
"1107",2022-07-14,23100,"ID117948391925504",20585.7142857143
"1108",2022-08-04,26400,"ID117948391925504",20585.7142857143
"1109",2023-08-20,26900,"ID117948391925504",20585.7142857143
"1110",2020-07-05,26800,"ID117978456696548",37853.8461538462
"1111",2020-08-01,31300,"ID117978456696548",37853.8461538462
"1112",2020-09-09,31600,"ID117978456696548",37853.8461538462
"1113",2021-07-17,31700,"ID117978456696548",37853.8461538462
"1114",2021-08-03,35500,"ID117978456696548",37853.8461538462
"1115",2021-09-22,38800,"ID117978456696548",37853.8461538462
"1116",2022-07-17,39000,"ID117978456696548",37853.8461538462
"1117",2022-08-16,40900,"ID117978456696548",37853.8461538462
"1118",2022-09-02,41100,"ID117978456696548",37853.8461538462
"1119",2023-07-09,43400,"ID117978456696548",37853.8461538462
"1120",2024-07-06,44000,"ID117978456696548",37853.8461538462
"1121",2024-07-08,44000,"ID117978456696548",37853.8461538462
"1122",2024-08-14,44000,"ID117978456696548",37853.8461538462
"1123",2020-08-13,4800,"ID117991341596996",9583.33333333333
"1124",2020-08-23,6500,"ID117991341596996",9583.33333333333
"1125",2020-09-09,9200,"ID117991341596996",9583.33333333333
"1126",2021-07-22,10800,"ID117991341596996",9583.33333333333
"1127",2021-08-06,11400,"ID117991341596996",9583.33333333333
"1128",2022-07-12,14800,"ID117991341596996",9583.33333333333
"1129",2020-07-05,19400,"ID118017111401983",19980
"1130",2020-07-17,19600,"ID118017111401983",19980
"1131",2020-08-13,19600,"ID118017111401983",19980
"1132",2020-09-09,20100,"ID118017111401983",19980
"1133",2021-07-17,21200,"ID118017111401983",19980
"1134",2020-08-23,14800,"ID118068651009640",18342.8571428571
"1135",2021-08-03,16000,"ID118068651009640",18342.8571428571
"1136",2021-08-06,17200,"ID118068651009640",18342.8571428571
"1137",2022-08-16,18100,"ID118068651009640",18342.8571428571
"1138",2022-09-02,19000,"ID118068651009640",18342.8571428571
"1139",2023-07-26,19500,"ID118068651009640",18342.8571428571
"1140",2023-09-07,23800,"ID118068651009640",18342.8571428571
"1141",2021-09-22,14500,"ID118072945977065",17950
"1142",2023-07-26,16900,"ID118072945977065",17950
"1143",2023-08-08,17900,"ID118072945977065",17950
"1144",2023-08-20,18600,"ID118072945977065",17950
"1145",2024-07-26,19200,"ID118072945977065",17950
"1146",2024-07-30,20600,"ID118072945977065",17950
"1147",2020-07-05,23200,"ID118094420813184",31223.0769230769
"1148",2020-08-13,23500,"ID118094420813184",31223.0769230769
"1149",2020-08-23,24600,"ID118094420813184",31223.0769230769
"1150",2021-08-03,25900,"ID118094420813184",31223.0769230769
"1151",2021-08-06,27500,"ID118094420813184",31223.0769230769
"1152",2021-09-22,30900,"ID118094420813184",31223.0769230769
"1153",2022-08-04,32000,"ID118094420813184",31223.0769230769
"1154",2022-08-16,34000,"ID118094420813184",31223.0769230769
"1155",2022-09-02,34900,"ID118094420813184",31223.0769230769
"1156",2023-07-29,35400,"ID118094420813184",31223.0769230769
"1157",2023-08-17,36700,"ID118094420813184",31223.0769230769
"1158",2024-07-06,38500,"ID118094420813184",31223.0769230769
"1159",2024-07-26,38800,"ID118094420813184",31223.0769230769
"1160",2020-07-05,17800,"ID118111600682801",20500
"1161",2020-07-17,18400,"ID118111600682801",20500
"1162",2020-08-01,18600,"ID118111600682801",20500
"1163",2021-07-17,23300,"ID118111600682801",20500
"1164",2023-07-05,24400,"ID118111600682801",20500
"1165",2020-08-23,13800,"ID118240449700229",19750
"1166",2020-09-09,14500,"ID118240449700229",19750
"1167",2021-08-06,17700,"ID118240449700229",19750
"1168",2022-07-14,22800,"ID118240449700229",19750
"1169",2022-07-17,24700,"ID118240449700229",19750
"1170",2022-08-16,25000,"ID118240449700229",19750
"1171",2020-07-05,19300,"ID118287694341804",24850
"1172",2021-07-17,23900,"ID118287694341804",24850
"1173",2021-08-03,24000,"ID118287694341804",24850
"1174",2021-09-22,25900,"ID118287694341804",24850
"1175",2022-07-17,26200,"ID118287694341804",24850
"1176",2022-08-04,29800,"ID118287694341804",24850
"1177",2020-07-05,700000,"ID118322054080088",701900
"1178",2020-07-17,700100,"ID118322054080088",701900
"1179",2020-08-01,700700,"ID118322054080088",701900
"1180",2020-08-23,700700,"ID118322054080088",701900
"1181",2020-09-09,700900,"ID118322054080088",701900
"1182",2021-08-03,702900,"ID118322054080088",701900
"1183",2023-07-29,702900,"ID118322054080088",701900
"1184",2023-08-08,703900,"ID118322054080088",701900
"1185",2023-09-07,705000,"ID118322054080088",701900
"1186",2020-09-09,6600,"ID118352118849811",10880
"1187",2022-07-17,9200,"ID118352118849811",10880
"1188",2022-08-04,9800,"ID118352118849811",10880
"1189",2022-09-02,14100,"ID118352118849811",10880
"1190",2023-07-02,14700,"ID118352118849811",10880
"1191",2020-07-05,11900,"ID118356413818479",18100
"1192",2021-07-17,14700,"ID118356413818479",18100
"1193",2021-09-22,15100,"ID118356413818479",18100
"1194",2022-08-04,16900,"ID118356413818479",18100
"1195",2022-08-16,17600,"ID118356413818479",18100
"1196",2022-09-02,17900,"ID118356413818479",18100
"1197",2023-07-26,19000,"ID118356413818479",18100
"1198",2023-07-29,19400,"ID118356413818479",18100
"1199",2023-08-08,19400,"ID118356413818479",18100
"1200",2023-08-17,19600,"ID118356413818479",18100
"1201",2023-08-20,19900,"ID118356413818479",18100
"1202",2024-07-06,21900,"ID118356413818479",18100
"1203",2024-08-05,22000,"ID118356413818479",18100
"1204",2020-07-05,25400,"ID118373593686281",35200
"1205",2020-07-17,29900,"ID118373593686281",35200
"1206",2021-07-17,35100,"ID118373593686281",35200
"1207",2022-07-12,42800,"ID118373593686281",35200
"1208",2023-07-02,42800,"ID118373593686281",35200
"1209",2020-09-09,13600,"ID118386478589495",18912.5
"1210",2021-07-17,18200,"ID118386478589495",18912.5
"1211",2022-07-17,18600,"ID118386478589495",18912.5
"1212",2022-08-04,19000,"ID118386478589495",18912.5
"1213",2022-08-16,19200,"ID118386478589495",18912.5
"1214",2023-08-08,19300,"ID118386478589495",18912.5
"1215",2023-08-17,20600,"ID118386478589495",18912.5
"1216",2024-07-06,22800,"ID118386478589495",18912.5
"1217",2020-08-13,9100,"ID118446608130994",15050
"1218",2020-08-23,10100,"ID118446608130994",15050
"1219",2020-09-09,11600,"ID118446608130994",15050
"1220",2021-08-03,12100,"ID118446608130994",15050
"1221",2021-09-22,15700,"ID118446608130994",15050
"1222",2023-07-29,17800,"ID118446608130994",15050
"1223",2023-09-07,21100,"ID118446608130994",15050
"1224",2024-08-05,22900,"ID118446608130994",15050
"1225",2020-07-05,65800,"ID118523917542892",70183.3333333333
"1226",2020-07-17,67800,"ID118523917542892",70183.3333333333
"1227",2020-08-01,68100,"ID118523917542892",70183.3333333333
"1228",2020-08-13,68600,"ID118523917542892",70183.3333333333
"1229",2020-08-23,71400,"ID118523917542892",70183.3333333333
"1230",2021-07-17,79400,"ID118523917542892",70183.3333333333
"1231",2020-07-05,17400,"ID118562572247193",17900
"1232",2020-07-17,17600,"ID118562572247193",17900
"1233",2022-08-16,18000,"ID118562572247193",17900
"1234",2023-07-26,18000,"ID118562572247193",17900
"1235",2023-08-08,18000,"ID118562572247193",17900
"1236",2023-08-20,18000,"ID118562572247193",17900
"1237",2023-09-07,18000,"ID118562572247193",17900
"1238",2024-07-28,18000,"ID118562572247193",17900
"1239",2024-08-07,18000,"ID118562572247193",17900
"1240",2024-09-24,18000,"ID118562572247193",17900
"1241",2021-08-03,7200,"ID118584047084986",8700
"1242",2021-08-06,7400,"ID118584047084986",8700
"1243",2021-09-22,8100,"ID118584047084986",8700
"1244",2022-07-14,8600,"ID118584047084986",8700
"1245",2022-09-02,9700,"ID118584047084986",8700
"1246",2023-09-07,11200,"ID118584047084986",8700
"1247",2020-08-23,8700,"ID118682831331750",14060
"1248",2020-09-09,11900,"ID118682831331750",14060
"1249",2021-08-06,14200,"ID118682831331750",14060
"1250",2023-08-17,15400,"ID118682831331750",14060
"1251",2023-09-07,20100,"ID118682831331750",14060
"1252",2020-07-17,667100,"ID118721486038515",698860
"1253",2020-08-01,672300,"ID118721486038515",698860
"1254",2021-09-22,705500,"ID118721486038515",698860
"1255",2022-09-02,717700,"ID118721486038515",698860
"1256",2023-08-20,731700,"ID118721486038515",698860
"1257",2020-07-05,20900,"ID118764435711548",27020
"1258",2020-08-23,24000,"ID118764435711548",27020
"1259",2020-09-09,25500,"ID118764435711548",27020
"1260",2022-07-17,30700,"ID118764435711548",27020
"1261",2024-07-06,34000,"ID118764435711548",27020
"1262",2021-08-06,80600,"ID118837450154361",136150
"1263",2022-07-17,101100,"ID118837450154361",136150
"1264",2022-09-02,145600,"ID118837450154361",136150
"1265",2024-07-06,163200,"ID118837450154361",136150
"1266",2024-07-08,163200,"ID118837450154361",136150
"1267",2024-07-26,163200,"ID118837450154361",136150
"1268",2020-07-05,46600,"ID118893284730316",55100
"1269",2020-08-23,53800,"ID118893284730316",55100
"1270",2022-07-14,57400,"ID118893284730316",55100
"1271",2022-07-17,58200,"ID118893284730316",55100
"1272",2023-09-07,59500,"ID118893284730316",55100
"1273",2020-07-05,80600,"ID118966299174351",82433.3333333333
"1274",2020-08-01,81900,"ID118966299174351",82433.3333333333
"1275",2021-08-03,81900,"ID118966299174351",82433.3333333333
"1276",2022-07-14,83300,"ID118966299174351",82433.3333333333
"1277",2023-07-05,83300,"ID118966299174351",82433.3333333333
"1278",2023-09-07,83600,"ID118966299174351",82433.3333333333
"1279",2020-07-17,17200,"ID119004953880219",20800
"1280",2020-08-01,18100,"ID119004953880219",20800
"1281",2021-08-03,19200,"ID119004953880219",20800
"1282",2021-09-22,20100,"ID119004953880219",20800
"1283",2022-08-04,22000,"ID119004953880219",20800
"1284",2023-07-26,22500,"ID119004953880219",20800
"1285",2023-08-17,23500,"ID119004953880219",20800
"1286",2024-07-06,23800,"ID119004953880219",20800
"1287",2020-07-05,30600,"ID119065083422130",48371.4285714286
"1288",2020-08-13,34200,"ID119065083422130",48371.4285714286
"1289",2021-09-22,42300,"ID119065083422130",48371.4285714286
"1290",2022-07-14,55600,"ID119065083422130",48371.4285714286
"1291",2022-08-04,55600,"ID119065083422130",48371.4285714286
"1292",2022-09-02,58400,"ID119065083422130",48371.4285714286
"1293",2024-08-05,61900,"ID119065083422130",48371.4285714286
"1294",2020-07-05,13200,"ID119073673356813",15907.6923076923
"1295",2020-07-17,13700,"ID119073673356813",15907.6923076923
"1296",2020-08-01,13800,"ID119073673356813",15907.6923076923
"1297",2021-07-17,13800,"ID119073673356813",15907.6923076923
"1298",2022-08-16,14200,"ID119073673356813",15907.6923076923
"1299",2022-09-02,14600,"ID119073673356813",15907.6923076923
"1300",2023-07-26,16700,"ID119073673356813",15907.6923076923
"1301",2023-08-08,16700,"ID119073673356813",15907.6923076923
"1302",2023-08-17,17000,"ID119073673356813",15907.6923076923
"1303",2023-08-20,17400,"ID119073673356813",15907.6923076923
"1304",2023-09-07,18300,"ID119073673356813",15907.6923076923
"1305",2024-07-26,18400,"ID119073673356813",15907.6923076923
"1306",2024-07-30,19000,"ID119073673356813",15907.6923076923
"1307",2020-07-05,8200,"ID119090853225952",11640
"1308",2020-07-17,10900,"ID119090853225952",11640
"1309",2020-08-13,12800,"ID119090853225952",11640
"1310",2020-08-23,12900,"ID119090853225952",11640
"1311",2020-09-09,13400,"ID119090853225952",11640
"1312",2020-09-09,5000,"ID119116623029109",7460
"1313",2021-09-22,7000,"ID119116623029109",7460
"1314",2022-07-14,7800,"ID119116623029109",7460
"1315",2022-07-17,7900,"ID119116623029109",7460
"1316",2022-08-04,9600,"ID119116623029109",7460
"1317",2020-07-05,63000,"ID119129507931851",85240
"1318",2021-08-06,66500,"ID119129507931851",85240
"1319",2022-07-14,98900,"ID119129507931851",85240
"1320",2022-07-17,98900,"ID119129507931851",85240
"1321",2022-09-02,98900,"ID119129507931851",85240
"1322",2020-07-05,16300,"ID119365731132882",22290
"1323",2021-07-17,20300,"ID119365731132882",22290
"1324",2021-09-22,20600,"ID119365731132882",22290
"1325",2022-07-14,21100,"ID119365731132882",22290
"1326",2022-08-04,21200,"ID119365731132882",22290
"1327",2022-08-16,21400,"ID119365731132882",22290
"1328",2022-09-02,21600,"ID119365731132882",22290
"1329",2023-07-26,25300,"ID119365731132882",22290
"1330",2023-08-20,25800,"ID119365731132882",22290
"1331",2023-09-07,29300,"ID119365731132882",22290
"1332",2020-07-05,16800,"ID119528939889259",32188.8888888889
"1333",2020-07-17,18400,"ID119528939889259",32188.8888888889
"1334",2020-08-01,26800,"ID119528939889259",32188.8888888889
"1335",2020-08-13,31500,"ID119528939889259",32188.8888888889
"1336",2021-08-06,36000,"ID119528939889259",32188.8888888889
"1337",2022-07-17,37900,"ID119528939889259",32188.8888888889
"1338",2023-07-09,39400,"ID119528939889259",32188.8888888889
"1339",2024-07-28,41100,"ID119528939889259",32188.8888888889
"1340",2024-07-30,41800,"ID119528939889259",32188.8888888889
"1341",2020-07-05,3500,"ID119589069431309",5116.66666666667
"1342",2020-07-17,4200,"ID119589069431309",5116.66666666667
"1343",2020-08-01,4900,"ID119589069431309",5116.66666666667
"1344",2024-07-30,5900,"ID119589069431309",5116.66666666667
"1345",2024-08-07,5900,"ID119589069431309",5116.66666666667
"1346",2024-08-17,6300,"ID119589069431309",5116.66666666667
"1347",2020-07-05,32100,"ID119670673811209",33880
"1348",2020-07-17,32100,"ID119670673811209",33880
"1349",2020-08-01,32400,"ID119670673811209",33880
"1350",2021-07-17,36300,"ID119670673811209",33880
"1351",2022-08-04,36500,"ID119670673811209",33880
"1352",2020-07-05,26200,"ID119760868123110",32600
"1353",2020-07-17,27400,"ID119760868123110",32600
"1354",2020-08-13,31600,"ID119760868123110",32600
"1355",2020-08-23,31700,"ID119760868123110",32600
"1356",2020-09-09,32800,"ID119760868123110",32600
"1357",2021-08-06,35700,"ID119760868123110",32600
"1358",2022-07-14,36200,"ID119760868123110",32600
"1359",2022-09-02,39200,"ID119760868123110",32600
"1360",2020-07-05,48100,"ID119765163090546",58885.7142857143
"1361",2020-07-17,49900,"ID119765163090546",58885.7142857143
"1362",2020-08-13,53900,"ID119765163090546",58885.7142857143
"1363",2020-09-09,57100,"ID119765163090546",58885.7142857143
"1364",2021-08-06,58500,"ID119765163090546",58885.7142857143
"1365",2022-07-17,63800,"ID119765163090546",58885.7142857143
"1366",2023-07-05,80900,"ID119765163090546",58885.7142857143
"1367",2020-08-23,6100,"ID119773753025103",8420
"1368",2021-08-06,7700,"ID119773753025103",8420
"1369",2023-07-09,8500,"ID119773753025103",8420
"1370",2023-07-26,9900,"ID119773753025103",8420
"1371",2023-09-07,9900,"ID119773753025103",8420
"1372",2021-08-06,10200,"ID119786637926935",12120
"1373",2022-07-14,11300,"ID119786637926935",12120
"1374",2022-09-02,12700,"ID119786637926935",12120
"1375",2023-07-26,12700,"ID119786637926935",12120
"1376",2023-09-07,13700,"ID119786637926935",12120
"1377",2020-08-01,5300,"ID119851062437464",9880
"1378",2022-09-02,7300,"ID119851062437464",9880
"1379",2023-08-17,10300,"ID119851062437464",9880
"1380",2023-08-20,12100,"ID119851062437464",9880
"1381",2023-09-07,14400,"ID119851062437464",9880
"1382",2020-07-05,8500,"ID119859652371042",11180
"1383",2020-07-17,9400,"ID119859652371042",11180
"1384",2020-08-23,10500,"ID119859652371042",11180
"1385",2022-07-17,13600,"ID119859652371042",11180
"1386",2023-07-09,13900,"ID119859652371042",11180
"1387",2020-07-17,8000,"ID120396523284099",11571.4285714286
"1388",2020-08-01,9600,"ID120396523284099",11571.4285714286
"1389",2020-08-13,11000,"ID120396523284099",11571.4285714286
"1390",2021-07-17,11500,"ID120396523284099",11571.4285714286
"1391",2021-08-03,12500,"ID120396523284099",11571.4285714286
"1392",2022-07-14,14100,"ID120396523284099",11571.4285714286
"1393",2022-08-16,14300,"ID120396523284099",11571.4285714286
"1394",2020-07-05,15500,"ID120460947792602",16616.6666666667
"1395",2020-08-01,15700,"ID120460947792602",16616.6666666667
"1396",2020-08-23,15700,"ID120460947792602",16616.6666666667
"1397",2020-09-09,16700,"ID120460947792602",16616.6666666667
"1398",2022-07-14,17500,"ID120460947792602",16616.6666666667
"1399",2022-09-02,18600,"ID120460947792602",16616.6666666667
"1400",2020-08-23,8300,"ID120491012564570",11040
"1401",2021-08-03,10800,"ID120491012564570",11040
"1402",2021-09-22,11700,"ID120491012564570",11040
"1403",2022-07-14,12000,"ID120491012564570",11040
"1404",2023-07-26,12400,"ID120491012564570",11040
"1405",2020-09-09,6400,"ID120581206877643",9800
"1406",2023-07-09,9200,"ID120581206877643",9800
"1407",2023-07-26,10400,"ID120581206877643",9800
"1408",2023-08-17,11000,"ID120581206877643",9800
"1409",2023-09-07,12000,"ID120581206877643",9800
"1410",2020-07-05,17600,"ID120826020013394",21433.3333333333
"1411",2020-07-17,19100,"ID120826020013394",21433.3333333333
"1412",2020-08-01,19500,"ID120826020013394",21433.3333333333
"1413",2020-08-13,20600,"ID120826020013394",21433.3333333333
"1414",2021-07-17,25900,"ID120826020013394",21433.3333333333
"1415",2022-08-04,25900,"ID120826020013394",21433.3333333333
"1416",2021-08-03,7800,"ID120933394196093",10080
"1417",2021-08-06,8200,"ID120933394196093",10080
"1418",2021-09-22,9100,"ID120933394196093",10080
"1419",2022-07-14,11700,"ID120933394196093",10080
"1420",2023-08-17,13600,"ID120933394196093",10080
"1421",2020-07-05,20000,"ID121178207331790",25210
"1422",2020-07-17,20300,"ID121178207331790",25210
"1423",2020-08-01,20700,"ID121178207331790",25210
"1424",2020-08-13,22200,"ID121178207331790",25210
"1425",2020-09-09,24000,"ID121178207331790",25210
"1426",2021-08-03,25100,"ID121178207331790",25210
"1427",2022-07-14,25900,"ID121178207331790",25210
"1428",2022-07-17,26600,"ID121178207331790",25210
"1429",2023-07-05,31000,"ID121178207331790",25210
"1430",2024-08-05,36300,"ID121178207331790",25210
"1431",2020-09-09,17300,"ID121203977135747",20960
"1432",2021-08-03,17300,"ID121203977135747",20960
"1433",2021-08-06,20900,"ID121203977135747",20960
"1434",2022-08-04,24000,"ID121203977135747",20960
"1435",2023-08-17,25300,"ID121203977135747",20960
"1436",2020-07-05,2700,"ID121311351317869",3700
"1437",2020-08-13,2700,"ID121311351317869",3700
"1438",2022-07-17,3900,"ID121311351317869",3700
"1439",2022-09-02,4000,"ID121311351317869",3700
"1440",2023-07-26,4200,"ID121311351317869",3700
"1441",2024-07-30,4700,"ID121311351317869",3700
"1442",2020-07-05,9400,"ID121440200336981",11020
"1443",2020-07-17,9800,"ID121440200336981",11020
"1444",2020-08-01,11000,"ID121440200336981",11020
"1445",2023-08-17,12000,"ID121440200336981",11020
"1446",2024-08-05,12900,"ID121440200336981",11020
"1447",2020-07-05,20400,"ID121637768832606",24683.3333333333
"1448",2020-07-17,21900,"ID121637768832606",24683.3333333333
"1449",2020-08-13,21900,"ID121637768832606",24683.3333333333
"1450",2020-09-09,25300,"ID121637768832606",24683.3333333333
"1451",2021-07-17,26800,"ID121637768832606",24683.3333333333
"1452",2022-08-04,31800,"ID121637768832606",24683.3333333333
"1453",2020-07-05,7800,"ID121736553080211",11200
"1454",2022-07-14,10400,"ID121736553080211",11200
"1455",2022-07-17,10900,"ID121736553080211",11200
"1456",2023-09-07,12500,"ID121736553080211",11200
"1457",2024-07-07,12800,"ID121736553080211",11200
"1458",2024-07-28,12800,"ID121736553080211",11200
"1459",2020-07-05,74700,"ID121886876935748",103727.272727273
"1460",2020-08-23,75100,"ID121886876935748",103727.272727273
"1461",2023-07-26,80000,"ID121886876935748",103727.272727273
"1462",2023-07-29,113900,"ID121886876935748",103727.272727273
"1463",2023-08-08,113900,"ID121886876935748",103727.272727273
"1464",2023-08-17,113900,"ID121886876935748",103727.272727273
"1465",2024-07-06,113900,"ID121886876935748",103727.272727273
"1466",2024-07-08,113900,"ID121886876935748",103727.272727273
"1467",2024-07-26,113900,"ID121886876935748",103727.272727273
"1468",2024-08-05,113900,"ID121886876935748",103727.272727273
"1469",2024-08-14,113900,"ID121886876935748",103727.272727273
"1470",2020-07-05,9000,"ID121899761837627",10522.2222222222
"1471",2021-09-22,9300,"ID121899761837627",10522.2222222222
"1472",2022-09-02,10400,"ID121899761837627",10522.2222222222
"1473",2023-07-26,10500,"ID121899761837627",10522.2222222222
"1474",2023-07-29,10500,"ID121899761837627",10522.2222222222
"1475",2023-08-08,10700,"ID121899761837627",10522.2222222222
"1476",2023-08-20,11000,"ID121899761837627",10522.2222222222
"1477",2024-07-07,11600,"ID121899761837627",10522.2222222222
"1478",2024-07-08,11700,"ID121899761837627",10522.2222222222
"1479",2021-08-06,6200,"ID121904056804781",8370
"1480",2022-07-17,6600,"ID121904056804781",8370
"1481",2022-09-02,7200,"ID121904056804781",8370
"1482",2023-07-05,7700,"ID121904056804781",8370
"1483",2023-07-26,8500,"ID121904056804781",8370
"1484",2023-07-29,8600,"ID121904056804781",8370
"1485",2023-08-08,8800,"ID121904056804781",8370
"1486",2023-08-20,9100,"ID121904056804781",8370
"1487",2024-07-07,10400,"ID121904056804781",8370
"1488",2024-07-08,10600,"ID121904056804781",8370
"1489",2020-07-05,16500,"ID121912646739546",28546.6666666667
"1490",2020-07-17,16600,"ID121912646739546",28546.6666666667
"1491",2020-08-01,16800,"ID121912646739546",28546.6666666667
"1492",2020-08-23,18300,"ID121912646739546",28546.6666666667
"1493",2021-08-06,19700,"ID121912646739546",28546.6666666667
"1494",2023-07-05,24400,"ID121912646739546",28546.6666666667
"1495",2023-07-09,35100,"ID121912646739546",28546.6666666667
"1496",2023-07-29,35100,"ID121912646739546",28546.6666666667
"1497",2023-08-08,35100,"ID121912646739546",28546.6666666667
"1498",2023-08-17,35100,"ID121912646739546",28546.6666666667
"1499",2024-07-06,35100,"ID121912646739546",28546.6666666667
"1500",2024-07-08,35100,"ID121912646739546",28546.6666666667
"1501",2024-07-26,35100,"ID121912646739546",28546.6666666667
"1502",2024-08-05,35100,"ID121912646739546",28546.6666666667
"1503",2024-08-14,35100,"ID121912646739546",28546.6666666667
"1504",2020-07-05,378200,"ID121998546085501",395583.333333333
"1505",2020-07-17,387900,"ID121998546085501",395583.333333333
"1506",2020-08-01,395200,"ID121998546085501",395583.333333333
"1507",2021-09-22,400900,"ID121998546085501",395583.333333333
"1508",2022-09-02,402500,"ID121998546085501",395583.333333333
"1509",2023-09-07,408800,"ID121998546085501",395583.333333333
"1510",2020-07-05,19000,"ID122024315889285",36381.8181818182
"1511",2020-08-23,24900,"ID122024315889285",36381.8181818182
"1512",2021-08-06,27100,"ID122024315889285",36381.8181818182
"1513",2022-07-17,34300,"ID122024315889285",36381.8181818182
"1514",2022-08-04,40900,"ID122024315889285",36381.8181818182
"1515",2022-08-16,40900,"ID122024315889285",36381.8181818182
"1516",2023-07-09,40900,"ID122024315889285",36381.8181818182
"1517",2023-07-29,40900,"ID122024315889285",36381.8181818182
"1518",2023-08-08,40900,"ID122024315889285",36381.8181818182
"1519",2023-08-17,40900,"ID122024315889285",36381.8181818182
"1520",2023-09-07,49500,"ID122024315889285",36381.8181818182
"1521",2020-07-05,95600,"ID122067265562227",116770
"1522",2020-07-17,100700,"ID122067265562227",116770
"1523",2021-08-06,111000,"ID122067265562227",116770
"1524",2022-07-14,118400,"ID122067265562227",116770
"1525",2022-07-17,120400,"ID122067265562227",116770
"1526",2022-09-02,122700,"ID122067265562227",116770
"1527",2023-07-26,123600,"ID122067265562227",116770
"1528",2023-08-08,124200,"ID122067265562227",116770
"1529",2024-07-30,125000,"ID122067265562227",116770
"1530",2024-08-07,126100,"ID122067265562227",116770
"1531",2020-07-05,8800,"ID122071560529575",14883.3333333333
"1532",2023-07-09,11300,"ID122071560529575",14883.3333333333
"1533",2023-07-26,16100,"ID122071560529575",14883.3333333333
"1534",2023-08-17,17700,"ID122071560529575",14883.3333333333
"1535",2024-07-06,17700,"ID122071560529575",14883.3333333333
"1536",2024-08-14,17700,"ID122071560529575",14883.3333333333
"1537",2020-07-05,39400,"ID122342143469233",47163.6363636364
"1538",2020-07-17,39900,"ID122342143469233",47163.6363636364
"1539",2020-08-01,42600,"ID122342143469233",47163.6363636364
"1540",2021-08-06,42700,"ID122342143469233",47163.6363636364
"1541",2022-07-14,43800,"ID122342143469233",47163.6363636364
"1542",2022-07-17,47500,"ID122342143469233",47163.6363636364
"1543",2022-09-02,51100,"ID122342143469233",47163.6363636364
"1544",2023-07-09,52000,"ID122342143469233",47163.6363636364
"1545",2023-07-26,52900,"ID122342143469233",47163.6363636364
"1546",2023-09-07,53400,"ID122342143469233",47163.6363636364
"1547",2024-07-07,53500,"ID122342143469233",47163.6363636364
"1548",2020-08-13,8300,"ID122376503207332",12171.4285714286
"1549",2021-08-06,9400,"ID122376503207332",12171.4285714286
"1550",2022-07-14,12800,"ID122376503207332",12171.4285714286
"1551",2024-07-28,13500,"ID122376503207332",12171.4285714286
"1552",2024-07-30,13600,"ID122376503207332",12171.4285714286
"1553",2024-08-07,13600,"ID122376503207332",12171.4285714286
"1554",2024-08-17,14000,"ID122376503207332",12171.4285714286
"1555",2020-07-05,12300,"ID122406567978410",14160
"1556",2021-08-06,12400,"ID122406567978410",14160
"1557",2022-07-14,14600,"ID122406567978410",14160
"1558",2023-08-20,15700,"ID122406567978410",14160
"1559",2023-09-07,15800,"ID122406567978410",14160
"1560",2020-07-05,12700,"ID122690035820051",18192.3076923077
"1561",2020-07-17,14500,"ID122690035820051",18192.3076923077
"1562",2020-08-01,17500,"ID122690035820051",18192.3076923077
"1563",2022-09-02,17700,"ID122690035820051",18192.3076923077
"1564",2023-07-26,17700,"ID122690035820051",18192.3076923077
"1565",2023-08-08,18100,"ID122690035820051",18192.3076923077
"1566",2023-08-20,18500,"ID122690035820051",18192.3076923077
"1567",2023-09-07,19700,"ID122690035820051",18192.3076923077
"1568",2024-07-08,19700,"ID122690035820051",18192.3076923077
"1569",2024-07-28,19800,"ID122690035820051",18192.3076923077
"1570",2024-07-30,19900,"ID122690035820051",18192.3076923077
"1571",2024-08-07,20100,"ID122690035820051",18192.3076923077
"1572",2024-08-17,20600,"ID122690035820051",18192.3076923077
"1573",2020-08-13,5400,"ID122797410002566",11290.9090909091
"1574",2020-08-23,6500,"ID122797410002566",11290.9090909091
"1575",2021-08-06,8500,"ID122797410002566",11290.9090909091
"1576",2022-07-14,9300,"ID122797410002566",11290.9090909091
"1577",2022-07-17,10400,"ID122797410002566",11290.9090909091
"1578",2022-09-02,12800,"ID122797410002566",11290.9090909091
"1579",2023-07-26,13100,"ID122797410002566",11290.9090909091
"1580",2023-08-20,13700,"ID122797410002566",11290.9090909091
"1581",2023-09-07,14500,"ID122797410002566",11290.9090909091
"1582",2024-07-28,14700,"ID122797410002566",11290.9090909091
"1583",2024-08-17,15300,"ID122797410002566",11290.9090909091
"1584",2021-07-17,10900,"ID127006477957678",14470
"1585",2021-07-28,11600,"ID127006477957678",14470
"1586",2021-08-02,11700,"ID127006477957678",14470
"1587",2021-09-11,13400,"ID127006477957678",14470
"1588",2022-07-13,14400,"ID127006477957678",14470
"1589",2022-07-29,14800,"ID127006477957678",14470
"1590",2022-08-14,15500,"ID127006477957678",14470
"1591",2022-08-23,16100,"ID127006477957678",14470
"1592",2023-08-31,17000,"ID127006477957678",14470
"1593",2023-09-05,19300,"ID127006477957678",14470
"1594",2020-07-05,281500,"ID130631430356830",295400
"1595",2020-09-22,286500,"ID130631430356830",295400
"1596",2021-07-17,290800,"ID130631430356830",295400
"1597",2021-07-28,301900,"ID130631430356830",295400
"1598",2022-08-23,316300,"ID130631430356830",295400
"1599",2020-07-05,8000,"ID130786049179250",12740
"1600",2020-07-29,10900,"ID130786049179250",12740
"1601",2020-08-27,13200,"ID130786049179250",12740
"1602",2020-09-09,14500,"ID130786049179250",12740
"1603",2020-09-23,17100,"ID130786049179250",12740
"1604",2020-09-07,8000,"ID130992207608125",11583.3333333333
"1605",2022-07-11,10900,"ID130992207608125",11583.3333333333
"1606",2022-07-29,10900,"ID130992207608125",11583.3333333333
"1607",2022-08-14,12300,"ID130992207608125",11583.3333333333
"1608",2023-08-10,13200,"ID130992207608125",11583.3333333333
"1609",2023-09-05,14200,"ID130992207608125",11583.3333333333
"1610",2020-07-05,34200,"ID130992207609571",38285.7142857143
"1611",2020-07-29,34900,"ID130992207609571",38285.7142857143
"1612",2020-08-14,34900,"ID130992207609571",38285.7142857143
"1613",2020-09-23,35100,"ID130992207609571",38285.7142857143
"1614",2021-07-17,41200,"ID130992207609571",38285.7142857143
"1615",2022-07-20,41500,"ID130992207609571",38285.7142857143
"1616",2022-08-23,46200,"ID130992207609571",38285.7142857143
"1617",2021-07-01,7000,"ID131052337150254",10770
"1618",2021-07-29,7800,"ID131052337150254",10770
"1619",2022-07-11,7900,"ID131052337150254",10770
"1620",2022-08-14,10900,"ID131052337150254",10770
"1621",2023-07-26,11100,"ID131052337150254",10770
"1622",2023-08-10,11200,"ID131052337150254",10770
"1623",2023-08-19,11500,"ID131052337150254",10770
"1624",2023-08-31,13000,"ID131052337150254",10770
"1625",2023-09-05,13400,"ID131052337150254",10770
"1626",2024-07-06,13900,"ID131052337150254",10770
"1627",2020-07-05,16000,"ID131228430808019",17200
"1628",2020-08-01,16600,"ID131228430808019",17200
"1629",2020-09-07,16800,"ID131228430808019",17200
"1630",2020-09-23,17300,"ID131228430808019",17200
"1631",2022-07-14,19300,"ID131228430808019",17200
"1632",2020-07-04,13600,"ID135609297451497",16757.1428571429
"1633",2020-09-17,14100,"ID135609297451497",16757.1428571429
"1634",2020-09-23,15700,"ID135609297451497",16757.1428571429
"1635",2022-07-11,16600,"ID135609297451497",16757.1428571429
"1636",2023-07-05,17700,"ID135609297451497",16757.1428571429
"1637",2023-08-10,19800,"ID135609297451497",16757.1428571429
"1638",2024-08-02,19800,"ID135609297451497",16757.1428571429
